EntryID,ProteinName,Source,Length,Molecular_Wt,PIR_ID,Swiss_Prot_ID,EC_Num,PMD_Num,WT_PDB,Mut_PDB,WT_PDB_URL,Mut_PDB_URL,Mutation,Chain,dG_H2O,ddG_H2O,dG,ddG,T_m,dT_m
1,Phospholipase A2,Bovine,130,14536.12,PSBOA,PA21_BOVIN (P00593),,A930651,1BP2,,https://www.rcsb.org/structure/1BP2,,wild,,9.50,,,,,
2,Phospholipase A2,Bovine,130,14513.08,PSBOA,PA21_BOVIN (P00593),,A930651,1BP2,,https://www.rcsb.org/structure/1BP2,,H 48 N,,6.50,-3.00,,,,
3,Phospholipase A2,Bovine,130,14527.11,PSBOA,PA21_BOVIN (P00593),,A930651,1BP2,,https://www.rcsb.org/structure/1BP2,,H 48 Q,,8.90,-0.60,,,,
4,Phospholipase A2,Bovine,130,14470.06,PSBOA,PA21_BOVIN (P00593),,A930651,1BP2,,https://www.rcsb.org/structure/1BP2,,H 48 A,,6.40,-3.10,,,,
5,Ribonuclease HI,Escherichia coli,155,17597.00,NRECH,RNH_ECOLI (P00647),EC 3.1.27.3,A920875,2RN2,,https://www.rcsb.org/structure/2RN2,,wild,,,,,,49.8,0.0
6,Ribonuclease HI,Escherichia coli,155,17597.00,NRECH,RNH_ECOLI (P00647),EC 3.1.27.3,A920875,2RN2,,https://www.rcsb.org/structure/2RN2,,wild,,,,,,52.0,0.0
7,Ribonuclease HI,Escherichia coli,155,17625.02,NRECH,RNH_ECOLI (P00647),EC 3.1.27.3,A920875,2RN2,,https://www.rcsb.org/structure/2RN2,,K 91 R,,,,,,49.8,0.5
8,Ribonuclease HI,Escherichia coli,155,17625.02,NRECH,RNH_ECOLI (P00647),EC 3.1.27.3,A920875,2RN2,,https://www.rcsb.org/structure/2RN2,,K 91 R,,,,,,52.0,0.1
9,Ribonuclease HI,Escherichia coli,155,17611.02,NRECH,RNH_ECOLI (P00647),EC 3.1.27.3,A920875,2RN2,,https://www.rcsb.org/structure/2RN2,,D 94 E,,,,,,49.8,-1.2
10,Ribonuclease HI,Escherichia coli,155,17611.02,NRECH,RNH_ECOLI (P00647),EC 3.1.27.3,A920875,2RN2,,https://www.rcsb.org/structure/2RN2,,D 94 E,,,,,,52.0,-1.6
11,Ribonuclease HI,Escherichia coli,155,17525.88,NRECH,RNH_ECOLI (P00647),EC 3.1.27.3,A920875,2RN2,1RBT,https://www.rcsb.org/structure/2RN2,https://www.rcsb.org/structure/1RBT,K 95 G,,,,,,49.8,5.7
12,Ribonuclease HI,Escherichia coli,155,17525.88,NRECH,RNH_ECOLI (P00647),EC 3.1.27.3,A920875,2RN2,1RBT,https://www.rcsb.org/structure/2RN2,https://www.rcsb.org/structure/1RBT,K 95 G,,,,,,52.0,6.8
13,Ribonuclease HI,Escherichia coli,155,17539.91,NRECH,RNH_ECOLI (P00647),EC 3.1.27.3,A920875,2RN2,1RBV,https://www.rcsb.org/structure/2RN2,https://www.rcsb.org/structure/1RBV,K 95 A,,,,,,49.8,0.3
14,Ribonuclease HI,Escherichia coli,155,17539.91,NRECH,RNH_ECOLI (P00647),EC 3.1.27.3,A920875,2RN2,1RBV,https://www.rcsb.org/structure/2RN2,https://www.rcsb.org/structure/1RBV,K 95 A,,,,,,52.0,0.4
15,Ribonuclease HI,Escherichia coli,155,17582.93,NRECH,RNH_ECOLI (P00647),EC 3.1.27.3,A920875,2RN2,1RBU,https://www.rcsb.org/structure/2RN2,https://www.rcsb.org/structure/1RBU,K 95 N,,,,,,49.8,2.9
16,Ribonuclease HI,Escherichia coli,155,17582.93,NRECH,RNH_ECOLI (P00647),EC 3.1.27.3,A920875,2RN2,1RBU,https://www.rcsb.org/structure/2RN2,https://www.rcsb.org/structure/1RBU,K 95 N,,,,,,52.0,3.2
17,Interleukin 1 beta,Human,269,30748.00,ICHU1B,IL1B_HUMAN (P01584),,A931451,1IOB,,https://www.rcsb.org/structure/1IOB,,wild,,9.10,,9.10,0.0,,
18,Interleukin 1 beta,Human,269,30717.98,ICHU1B,IL1B_HUMAN (P01584),,A931451,1IOB,,https://www.rcsb.org/structure/1IOB,,T 9 A,,7.00,-2.10,8.3,-0.8,,
19,Interleukin 1 beta,Human,269,30760.06,ICHU1B,IL1B_HUMAN (P01584),,A931451,1IOB,,https://www.rcsb.org/structure/1IOB,,T 9 L,,6.00,-3.10,8.4,-0.7,,
20,Interleukin 1 beta,Human,269,30775.03,ICHU1B,IL1B_HUMAN (P01584),,A931451,1IOB,,https://www.rcsb.org/structure/1IOB,,T 9 Q,,6.30,-2.80,7.2,-1.9,,
21,Interleukin 1 beta,Human,269,30703.95,ICHU1B,IL1B_HUMAN (P01584),,A931451,1IOB,1HIB,https://www.rcsb.org/structure/1IOB,https://www.rcsb.org/structure/1HIB,T 9 G,,5.40,-3.70,6.5,-2.6,,
22,Interleukin 1 beta,Human,269,30776.02,ICHU1B,IL1B_HUMAN (P01584),,A931451,1IOB,,https://www.rcsb.org/structure/1IOB,,K 97 R,,6.00,-3.10,8.6,-0.5,,
23,Interleukin 1 beta,Human,269,30676.88,ICHU1B,IL1B_HUMAN (P01584),,A931451,1IOB,,https://www.rcsb.org/structure/1IOB,,K 97 G,,7.00,-2.10,7.9,-1.2,,
24,Interleukin 1 beta,Human,269,30718.96,ICHU1B,IL1B_HUMAN (P01584),,A931451,1IOB,,https://www.rcsb.org/structure/1IOB,,K 97 V,,10.60,1.50,9.9,0.8,,
25,Gene V,Bacteriophage f1,87,9688.00,DDBPF1,VHED_BPFD (P03669),EC 3.2.1.3,A910849,1VQB,,https://www.rcsb.org/structure/1VQB,,wild,,,,9.0,0.0,,
26,Gene V,Bacteriophage f1,87,9706.06,DDBPF1,VHED_BPFD (P03669),EC 3.2.1.3,A910849,1VQB,,https://www.rcsb.org/structure/1VQB,,E 30 F,,,,11.1,2.1,,
27,Gene V,Bacteriophage f1,87,9690.09,DDBPF1,VHED_BPFD (P03669),EC 3.2.1.3,A910849,1VQB,,https://www.rcsb.org/structure/1VQB,,E 30 M,,,,9.7,0.7,,
28,Gene V,Bacteriophage f1,87,9671.94,DDBPF1,VHED_BPFD (P03669),EC 3.2.1.3,A910849,1VQB,,https://www.rcsb.org/structure/1VQB,,C 33 S,,,,4.8,-4.2,,
29,Gene V,Bacteriophage f1,87,9676.05,DDBPF1,VHED_BPFD (P03669),EC 3.2.1.3,A910849,1VQB,,https://www.rcsb.org/structure/1VQB,,D 36 C,,,,7.0,-2.0,,
30,Gene V,Bacteriophage f1,87,9687.01,DDBPF1,VHED_BPFD (P03669),EC 3.2.1.3,A910849,1VQB,,https://www.rcsb.org/structure/1VQB,,D 36 N,,,,8.0,-1.0,,
31,Gene V,Bacteriophage f1,87,9675.94,DDBPF1,VHED_BPFD (P03669),EC 3.2.1.3,A910849,1VQB,,https://www.rcsb.org/structure/1VQB,,I 47 T,,,,1.6,-7.4,,
32,Gene V,Bacteriophage f1,87,9710.05,DDBPF1,VHED_BPFD (P03669),EC 3.2.1.3,A910849,1VQB,,https://www.rcsb.org/structure/1VQB,,D 50 H,,,,7.5,-1.5,,
33,Gene V,Bacteriophage f1,87,9653.99,DDBPF1,VHED_BPFD (P03669),EC 3.2.1.3,A910849,1VQB,,https://www.rcsb.org/structure/1VQB,,F 68 L,,,,4.8,-4.2,,
34,Gene V,Bacteriophage f1,87,9696.97,DDBPF1,VHED_BPFD (P03669),EC 3.2.1.3,A910849,1VQB,,https://www.rcsb.org/structure/1VQB,,K 69 H,,,,7.8,-1.2,,
35,Gene V,Bacteriophage f1,87,9691.03,DDBPF1,VHED_BPFD (P03669),EC 3.2.1.3,A910849,1VQB,,https://www.rcsb.org/structure/1VQB,,K 69 M,,,,9.2,0.2,,
36,Gene V,Bacteriophage f1,87,9692.01,DDBPF1,VHED_BPFD (P03669),EC 3.2.1.3,A910849,1VQB,,https://www.rcsb.org/structure/1VQB,,V 70 C,,,,5.9,-3.1,,
37,Gene V,Bacteriophage f1,87,9685.98,DDBPF1,VHED_BPFD (P03669),EC 3.2.1.3,A910849,1VQB,,https://www.rcsb.org/structure/1VQB,,V 70 P,,,,4.0,-5.0,,
38,Barnase,Bacillus amyloliquefaciens,123,13791.00,NRBSN,RNBR_BACAM (P00648),,A920109,1BNI,,https://www.rcsb.org/structure/1BNI,,wild,A,8.82,,,0.0,,
39,Barnase,Bacillus amyloliquefaciens,123,13776.97,NRBSN,RNBR_BACAM (P00648),,A920109,1BNI,,https://www.rcsb.org/structure/1BNI,,I 4 V,A,8.01,-0.81,,-0.6,,
40,Barnase,Bacillus amyloliquefaciens,123,13748.92,NRBSN,RNBR_BACAM (P00648),,A920109,1BNI,,https://www.rcsb.org/structure/1BNI,,I 4 A,A,8.07,-0.75,,-1.4,,
41,Barnase,Bacillus amyloliquefaciens,123,13747.98,NRBSN,RNBR_BACAM (P00648),,A920109,1BNI,,https://www.rcsb.org/structure/1BNI,,N 5 A,A,7.23,-1.59,,-1.9,,
42,Barnase,Bacillus amyloliquefaciens,123,13746.95,NRBSN,RNBR_BACAM (P00648),,A920109,1BNI,,https://www.rcsb.org/structure/1BNI,,T 6 G,A,8.21,-0.61,,-1.2,,
43,Barnase,Bacillus amyloliquefaciens,123,13760.98,NRBSN,RNBR_BACAM (P00648),,A920109,1BNI,,https://www.rcsb.org/structure/1BNI,,T 6 A,A,6.80,-2.02,,-2.1,,
44,Barnase,Bacillus amyloliquefaciens,123,13746.99,NRBSN,RNBR_BACAM (P00648),,A920109,1BNI,,https://www.rcsb.org/structure/1BNI,,D 8 A,A,7.97,-0.85,,-0.9,,
45,Barnase,Bacillus amyloliquefaciens,123,13792.97,NRBSN,RNBR_BACAM (P00648),,A920109,1BNI,,https://www.rcsb.org/structure/1BNI,,V 10 T,A,6.83,-1.99,,-2.5,,
46,Barnase,Bacillus amyloliquefaciens,123,13762.95,NRBSN,RNBR_BACAM (P00648),,A920109,1BNI,,https://www.rcsb.org/structure/1BNI,,V 10 A,A,5.35,-3.47,,-3.4,,
47,Barnase,Bacillus amyloliquefaciens,123,13746.99,NRBSN,RNBR_BACAM (P00648),,A920109,1BNI,,https://www.rcsb.org/structure/1BNI,,D 12 A,A,8.43,-0.39,,-0.3,,
48,Barnase,Bacillus amyloliquefaciens,123,13698.91,NRBSN,RNBR_BACAM (P00648),,A920109,1BNI,,https://www.rcsb.org/structure/1BNI,,Y 13 A,A,5.82,-3.00,,-3.3,,
49,Barnase,Bacillus amyloliquefaciens,123,13748.92,NRBSN,RNBR_BACAM (P00648),,A920109,1BNI,1BRH,https://www.rcsb.org/structure/1BNI,https://www.rcsb.org/structure/1BRH,L 14 A,A,4.29,-4.53,,-4.3,,
50,Barnase,Bacillus amyloliquefaciens,123,13776.98,NRBSN,RNBR_BACAM (P00648),,A920109,1BNI,,https://www.rcsb.org/structure/1BNI,,T 16 S,A,7.46,-1.36,,-1.7,,
51,Barnase,Bacillus amyloliquefaciens,123,13846.09,NRBSN,RNBR_BACAM (P00648),,A920109,1BNI,,https://www.rcsb.org/structure/1BNI,,T 16 R,A,9.56,0.74,,0.5,,
52,Barnase,Bacillus amyloliquefaciens,123,13698.91,NRBSN,RNBR_BACAM (P00648),,A920109,1BNI,,https://www.rcsb.org/structure/1BNI,,Y 17 A,A,7.15,-1.67,,-2.0,,
53,Barnase,Bacillus amyloliquefaciens,123,13747.98,NRBSN,RNBR_BACAM (P00648),,A920109,1BNI,,https://www.rcsb.org/structure/1BNI,,N 23 A,A,6.62,-2.20,,-2.2,,
54,Barnase,Bacillus amyloliquefaciens,123,13775.00,NRBSN,RNBR_BACAM (P00648),,A920109,1BNI,,https://www.rcsb.org/structure/1BNI,,Y 24 F,A,8.91,0.09,,0.0,,
55,Barnase,Bacillus amyloliquefaciens,123,13776.97,NRBSN,RNBR_BACAM (P00648),,A920109,1BNI,,https://www.rcsb.org/structure/1BNI,,I 25 V,A,7.99,-0.83,,-1.1,,
56,Barnase,Bacillus amyloliquefaciens,123,13748.92,NRBSN,RNBR_BACAM (P00648),,A920109,1BNI,,https://www.rcsb.org/structure/1BNI,,I 25 A,A,5.14,-3.68,,-3.5,,
57,Barnase,Bacillus amyloliquefaciens,123,13746.95,NRBSN,RNBR_BACAM (P00648),,A920109,1BNI,,https://www.rcsb.org/structure/1BNI,,T 26 G,A,7.81,-1.01,,-1.5,,
58,Barnase,Bacillus amyloliquefaciens,123,13760.98,NRBSN,RNBR_BACAM (P00648),,A920109,1BNI,1BNS,https://www.rcsb.org/structure/1BNI,https://www.rcsb.org/structure/1BNS,T 26 A,A,7.15,-1.67,,-1.9,,
59,Barnase,Bacillus amyloliquefaciens,123,13719.88,NRBSN,RNBR_BACAM (P00648),,A920109,1BNI,,https://www.rcsb.org/structure/1BNI,,K 27 G,A,8.44,-0.38,,-0.4,,
60,Barnase,Bacillus amyloliquefaciens,123,13718.94,NRBSN,RNBR_BACAM (P00648),,A920109,1BNI,,https://www.rcsb.org/structure/1BNI,,E 29 G,A,6.77,-2.05,,-1.8,,
61,Barnase,Bacillus amyloliquefaciens,123,13749.95,NRBSN,RNBR_BACAM (P00648),,A920109,1BNI,,https://www.rcsb.org/structure/1BNI,,Q 31 S,A,8.89,0.07,,-0.2,,
62,Barnase,Bacillus amyloliquefaciens,123,13733.95,NRBSN,RNBR_BACAM (P00648),,A920109,1BNI,,https://www.rcsb.org/structure/1BNI,,Q 31 A,A,8.75,-0.07,,0.1,,
63,Barnase,Bacillus amyloliquefaciens,123,13805.97,NRBSN,RNBR_BACAM (P00648),,A920109,1BNI,,https://www.rcsb.org/structure/1BNI,,L 33 Q,A,7.41,-1.41,,-1.3,,
64,Barnase,Bacillus amyloliquefaciens,123,13762.95,NRBSN,RNBR_BACAM (P00648),,A920109,1BNI,,https://www.rcsb.org/structure/1BNI,,V 36 A,A,7.14,-1.68,,-1.3,,
65,Barnase,Bacillus amyloliquefaciens,123,13792.97,NRBSN,RNBR_BACAM (P00648),,A920109,1BNI,,https://www.rcsb.org/structure/1BNI,,V 36 T,A,7.77,-1.05,,-1.1,,
66,Barnase,Bacillus amyloliquefaciens,123,13791.99,NRBSN,RNBR_BACAM (P00648),,A920109,1BNI,,https://www.rcsb.org/structure/1BNI,,N 41 D,A,6.20,-2.62,,-2.5,,
67,Barnase,Bacillus amyloliquefaciens,123,13762.95,NRBSN,RNBR_BACAM (P00648),,A920109,1BNI,,https://www.rcsb.org/structure/1BNI,,V 45 A,A,7.65,-1.17,,-1.8,,
68,Barnase,Bacillus amyloliquefaciens,123,13792.97,NRBSN,RNBR_BACAM (P00648),,A920109,1BNI,,https://www.rcsb.org/structure/1BNI,,V 45 T,A,6.60,-2.22,,-2.4,,
69,Barnase,Bacillus amyloliquefaciens,123,13776.97,NRBSN,RNBR_BACAM (P00648),,A920109,1BNI,1BSA,https://www.rcsb.org/structure/1BNI,https://www.rcsb.org/structure/1BSA,I 51 V,A,7.69,-1.13,,-1.8,,
70,Barnase,Bacillus amyloliquefaciens,123,13748.92,NRBSN,RNBR_BACAM (P00648),,A920109,1BNI,,https://www.rcsb.org/structure/1BNI,,I 51 A,A,4.10,-4.72,,-4.7,,
71,Barnase,Bacillus amyloliquefaciens,123,13746.99,NRBSN,RNBR_BACAM (P00648),,A920109,1BNI,,https://www.rcsb.org/structure/1BNI,,D 54 A,A,5.96,-2.86,,-3.0,,
72,Barnase,Bacillus amyloliquefaciens,123,13790.01,NRBSN,RNBR_BACAM (P00648),,A920109,1BNI,,https://www.rcsb.org/structure/1BNI,,D 54 N,A,7.04,-1.78,,-2.4,,
73,Barnase,Bacillus amyloliquefaciens,123,13776.97,NRBSN,RNBR_BACAM (P00648),,A920109,1BNI,,https://www.rcsb.org/structure/1BNI,,I 55 V,A,8.19,-0.63,,-0.3,,
74,Barnase,Bacillus amyloliquefaciens,123,13748.92,NRBSN,RNBR_BACAM (P00648),,A920109,1BNI,,https://www.rcsb.org/structure/1BNI,,I 55 A,A,7.34,-1.48,,-1.1,,
75,Barnase,Bacillus amyloliquefaciens,123,13778.94,NRBSN,RNBR_BACAM (P00648),,A920109,1BNI,,https://www.rcsb.org/structure/1BNI,,I 55 T,A,7.58,-1.24,,-0.6,,
76,Barnase,Bacillus amyloliquefaciens,123,13747.98,NRBSN,RNBR_BACAM (P00648),,A920109,1BNI,,https://www.rcsb.org/structure/1BNI,,N 58 A,A,6.82,-2.00,,-2.7,,
77,Barnase,Bacillus amyloliquefaciens,123,13791.99,NRBSN,RNBR_BACAM (P00648),,A920109,1BNI,,https://www.rcsb.org/structure/1BNI,,N 58 D,A,9.13,0.31,,0.5,,
78,Barnase,Bacillus amyloliquefaciens,123,13819.02,NRBSN,RNBR_BACAM (P00648),,A920109,1BNI,,https://www.rcsb.org/structure/1BNI,,K 62 R,A,8.50,-0.32,,-0.4,,
79,Barnase,Bacillus amyloliquefaciens,123,13776.97,NRBSN,RNBR_BACAM (P00648),,A920109,1BNI,1BSB,https://www.rcsb.org/structure/1BNI,https://www.rcsb.org/structure/1BSB,I 76 V,A,7.84,-0.98,,-0.8,,
80,Barnase,Bacillus amyloliquefaciens,123,13748.92,NRBSN,RNBR_BACAM (P00648),,A920109,1BNI,1BRI,https://www.rcsb.org/structure/1BNI,https://www.rcsb.org/structure/1BRI,I 76 A,A,7.16,-1.66,,-1.9,,
81,Barnase,Bacillus amyloliquefaciens,123,13747.98,NRBSN,RNBR_BACAM (P00648),,A920109,1BNI,,https://www.rcsb.org/structure/1BNI,,N 77 A,A,7.37,-1.45,,-1.6,,
82,Barnase,Bacillus amyloliquefaciens,123,13775.00,NRBSN,RNBR_BACAM (P00648),,A920109,1BNI,1BAO,https://www.rcsb.org/structure/1BNI,https://www.rcsb.org/structure/1BAO,Y 78 F,A,7.68,-1.14,,-1.4,,
83,Barnase,Bacillus amyloliquefaciens,123,13747.98,NRBSN,RNBR_BACAM (P00648),,A920109,1BNI,,https://www.rcsb.org/structure/1BNI,,N 84 A,A,7.23,-1.59,,-2.0,,
84,Barnase,Bacillus amyloliquefaciens,123,13776.97,NRBSN,RNBR_BACAM (P00648),,A920109,1BNI,1BSC,https://www.rcsb.org/structure/1BNI,https://www.rcsb.org/structure/1BSC,I 88 V,A,7.18,-1.64,,-1.3,,
85,Barnase,Bacillus amyloliquefaciens,123,13748.92,NRBSN,RNBR_BACAM (P00648),,A920109,1BNI,1BRJ,https://www.rcsb.org/structure/1BNI,https://www.rcsb.org/structure/1BRJ,I 88 A,A,4.80,-4.02,,-4.0,,
86,Barnase,Bacillus amyloliquefaciens,123,13776.97,NRBSN,RNBR_BACAM (P00648),,A920109,1BNI,1BSE,https://www.rcsb.org/structure/1BNI,https://www.rcsb.org/structure/1BSE,L 89 V,A,8.35,-0.47,,-0.3,,
87,Barnase,Bacillus amyloliquefaciens,123,13778.94,NRBSN,RNBR_BACAM (P00648),,A920109,1BNI,,https://www.rcsb.org/structure/1BNI,,L 89 T,A,5.54,-3.28,,-2.5,,
88,Barnase,Bacillus amyloliquefaciens,123,13775.00,NRBSN,RNBR_BACAM (P00648),,A920109,1BNI,1BAN,https://www.rcsb.org/structure/1BNI,https://www.rcsb.org/structure/1BAN,S 91 A,A,6.41,-2.41,,-1.9,,
89,Barnase,Bacillus amyloliquefaciens,123,13775.00,NRBSN,RNBR_BACAM (P00648),,A920109,1BNI,,https://www.rcsb.org/structure/1BNI,,S 92 A,A,5.60,-3.22,,-2.8,,
90,Barnase,Bacillus amyloliquefaciens,123,13776.97,NRBSN,RNBR_BACAM (P00648),,A920109,1BNI,1BGD,https://www.rcsb.org/structure/1BNI,https://www.rcsb.org/structure/1BGD,I 96 V,A,7.80,-1.02,,-0.9,,
91,Barnase,Bacillus amyloliquefaciens,123,13748.92,NRBSN,RNBR_BACAM (P00648),,A920109,1BNI,1BRK,https://www.rcsb.org/structure/1BNI,https://www.rcsb.org/structure/1BRK,I 96 A,A,5.67,-3.15,,-3.2,,
92,Barnase,Bacillus amyloliquefaciens,123,13789.03,NRBSN,RNBR_BACAM (P00648),,A920109,1BNI,,https://www.rcsb.org/structure/1BNI,,T 99 V,A,5.90,-2.92,,-2.7,,
93,Barnase,Bacillus amyloliquefaciens,123,13775.00,NRBSN,RNBR_BACAM (P00648),,A920109,1BNI,,https://www.rcsb.org/structure/1BNI,,Y 103 F,A,8.64,-0.18,,0.0,,
94,Barnase,Bacillus amyloliquefaciens,123,13789.03,NRBSN,RNBR_BACAM (P00648),,A920109,1BNI,,https://www.rcsb.org/structure/1BNI,,T 105 V,A,6.68,-2.14,,-2.2,,
95,Barnase,Bacillus amyloliquefaciens,123,13776.97,NRBSN,RNBR_BACAM (P00648),,A920109,1BNI,,https://www.rcsb.org/structure/1BNI,,I 109 V,A,8.01,-0.81,,-0.8,,
96,Barnase,Bacillus amyloliquefaciens,123,13748.92,NRBSN,RNBR_BACAM (P00648),,A920109,1BNI,,https://www.rcsb.org/structure/1BNI,,I 109 A,A,7.55,-1.27,,-2.1,,
97,Barnase,Bacillus amyloliquefaciens,123,13705.89,NRBSN,RNBR_BACAM (P00648),,A920109,1BNI,,https://www.rcsb.org/structure/1BNI,,R 110 A,A,8.89,0.07,,-0.4,,
98,Adenylate kinase,Escherichia coli,214,23586.00,KIECA,KAD_ECOLI (P05082),EC 2.7.4.3,A910865,1ANK,,https://www.rcsb.org/structure/1ANK,,wild,A,,,,,51.8,0.0
99,Adenylate kinase,Escherichia coli,214,23608.05,KIECA,KAD_ECOLI (P05082),EC 2.7.4.3,A910865,1ANK,,https://www.rcsb.org/structure/1ANK,,D 84 H,A,,,,,44.6,-7.2
100,Adenylate kinase,Escherichia coli,214,23628.08,KIECA,KAD_ECOLI (P05082),EC 2.7.4.3,A910865,1ANK,,https://www.rcsb.org/structure/1ANK,,G 85 V,A,,,,,40.7,-11.1
101,Adenylate kinase,Escherichia coli,214,23551.99,KIECA,KAD_ECOLI (P05082),EC 2.7.4.3,A910865,1ANK,,https://www.rcsb.org/structure/1ANK,,F 86 L,A,,,,,49.2,-2.6
102,Tryptophan synthase alpha-subunit,Salmonella typhimurium,268,28670.00,TSEBAT,TRPA_SALTY (P00929),,A880295,2WSY,,https://www.rcsb.org/structure/2WSY,,wild,A,,,,,46.0,0.0
103,Tryptophan synthase alpha-subunit,Salmonella typhimurium,268,28653.94,TSEBAT,TRPA_SALTY (P00929),,A880295,2WSY,,https://www.rcsb.org/structure/2WSY,,C 81 S,A,,,,,41.0,-5.0
104,Tryptophan synthase alpha-subunit,Salmonella typhimurium,268,28653.94,TSEBAT,TRPA_SALTY (P00929),,A880295,2WSY,,https://www.rcsb.org/structure/2WSY,,C 118 S,A,,,,,41.0,-5.0
105,Lysozyme,Human,148,16537.00,LZHU,LYC_HUMAN (P00695),EC 2.7.1.69,A921409,1LZ1,,https://www.rcsb.org/structure/1LZ1,,wild,,,,,,71.4,0.0
106,Lysozyme,Human,148,16504.94,LZHU,LYC_HUMAN (P00695),EC 2.7.1.69,A921409,1LZ1,1HNL,https://www.rcsb.org/structure/1LZ1,https://www.rcsb.org/structure/1HNL,C 77 A,,,,0.0,-4.6,,
107,Staphylococcal nuclease,Staphylococcus aureus,231,25471.00,NCSAF,NUC_STAAU (P00644),,A930838,1STN,,https://www.rcsb.org/structure/1STN,,wild,,,,,,51.5,0.0
108,Staphylococcal nuclease,Staphylococcus aureus,231,25471.00,NCSAF,NUC_STAAU (P00644),,A930838,1STN,,https://www.rcsb.org/structure/1STN,,wild,,,,,,47.0,0.0
109,Staphylococcal nuclease,Staphylococcus aureus,231,25428.92,NCSAF,NUC_STAAU (P00644),,A930838,1STN,,https://www.rcsb.org/structure/1STN,,L 25 A,,,,,,39.9,-11.5
110,Staphylococcal nuclease,Staphylococcus aureus,231,25485.03,NCSAF,NUC_STAAU (P00644),,A930838,1STN,,https://www.rcsb.org/structure/1STN,,V 66 L,,,,,,55.3,3.9
111,Staphylococcal nuclease,Staphylococcus aureus,231,25501.03,NCSAF,NUC_STAAU (P00644),,A930838,1STN,,https://www.rcsb.org/structure/1STN,,G 79 S,,,,,,43.8,-7.6
112,Staphylococcal nuclease,Staphylococcus aureus,231,25513.08,NCSAF,NUC_STAAU (P00644),,A930838,1STN,,https://www.rcsb.org/structure/1STN,,G 88 V,,,,,,54.3,2.9
113,Staphylococcal nuclease,Staphylococcus aureus,231,25487.00,NCSAF,NUC_STAAU (P00644),,A930838,1STN,,https://www.rcsb.org/structure/1STN,,A 90 S,,,,,,40.7,-10.7
114,Staphylococcal nuclease,Staphylococcus aureus,231,25447.02,NCSAF,NUC_STAAU (P00644),,A930838,1STN,,https://www.rcsb.org/structure/1STN,,H 124 L,,,,,,56.5,5.1
115,Staphylococcal nuclease,Staphylococcus aureus,231,25428.92,NCSAF,NUC_STAAU (P00644),,A930838,1STN,,https://www.rcsb.org/structure/1STN,,L 25 A,,,,,,31.2,-15.8
116,Staphylococcal nuclease,Staphylococcus aureus,231,25485.03,NCSAF,NUC_STAAU (P00644),,A930838,1STN,,https://www.rcsb.org/structure/1STN,,V 66 L,,,,,,50.8,3.8
117,Staphylococcal nuclease,Staphylococcus aureus,231,25501.03,NCSAF,NUC_STAAU (P00644),,A930838,1STN,,https://www.rcsb.org/structure/1STN,,G 79 S,,,,,,38.5,-8.5
118,Staphylococcal nuclease,Staphylococcus aureus,231,25513.08,NCSAF,NUC_STAAU (P00644),,A930838,1STN,,https://www.rcsb.org/structure/1STN,,G 88 V,,,,,,50.6,3.6
119,Staphylococcal nuclease,Staphylococcus aureus,231,25487.00,NCSAF,NUC_STAAU (P00644),,A930838,1STN,,https://www.rcsb.org/structure/1STN,,A 90 S,,,,,,33.5,-13.5
120,Staphylococcal nuclease,Staphylococcus aureus,231,25447.02,NCSAF,NUC_STAAU (P00644),,A930838,1STN,,https://www.rcsb.org/structure/1STN,,H 124 L,,,,,,55.3,8.3
121,Lysozyme,Chicken,129,14312.95,LZCH,LYC_CHICK (P00698),EC 3.2.1.17,A930501,4LYZ,,https://www.rcsb.org/structure/4LYZ,,wild,,10.10,,,,,
122,Lysozyme,Chicken,129,14294.97,LZCH,LYC_CHICK (P00698),EC 3.2.1.17,A930501,4LYZ,,https://www.rcsb.org/structure/4LYZ,,D 101 P,,7.70,-2.40,,,,
123,Lysozyme,Chicken,129,14353.01,LZCH,LYC_CHICK (P00698),EC 3.2.1.17,A930501,4LYZ,,https://www.rcsb.org/structure/4LYZ,,G 102 P,,10.00,-0.10,,,,
124,Ribonuclease HI,Escherichia coli,155,17597.00,NRECH,RNH_ECOLI (P00647),EC 3.1.27.3,A973992,2RN2,,https://www.rcsb.org/structure/2RN2,,wild,,,,,,53.0,0.0
125,Ribonuclease HI,Escherichia coli,155,17639.08,NRECH,RNH_ECOLI (P00647),EC 3.1.27.3,A973992,2RN2,,https://www.rcsb.org/structure/2RN2,,A 52 I,,,,,,59.2,6.2
126,Ribonuclease HI,Escherichia coli,155,17625.05,NRECH,RNH_ECOLI (P00647),EC 3.1.27.3,A973992,2RN2,,https://www.rcsb.org/structure/2RN2,,A 52 V,,,,,,58.5,5.5
127,Ribonuclease HI,Escherichia coli,155,17639.08,NRECH,RNH_ECOLI (P00647),EC 3.1.27.3,A973992,2RN2,,https://www.rcsb.org/structure/2RN2,,A 52 L,,,,,,57.3,4.3
128,Ribonuclease HI,Escherichia coli,155,17629.06,NRECH,RNH_ECOLI (P00647),EC 3.1.27.3,A973992,2RN2,,https://www.rcsb.org/structure/2RN2,,A 52 C,,,,,,55.5,2.5
129,Ribonuclease HI,Escherichia coli,155,17657.12,NRECH,RNH_ECOLI (P00647),EC 3.1.27.3,A973992,2RN2,,https://www.rcsb.org/structure/2RN2,,A 52 M,,,,,,54.6,1.6
130,Ribonuclease HI,Escherichia coli,155,17673.09,NRECH,RNH_ECOLI (P00647),EC 3.1.27.3,A973992,2RN2,,https://www.rcsb.org/structure/2RN2,,A 52 F,,,,,,51.5,-1.5
131,Ribonuclease HI,Escherichia coli,155,17627.02,NRECH,RNH_ECOLI (P00647),EC 3.1.27.3,A973992,2RN2,,https://www.rcsb.org/structure/2RN2,,A 52 T,,,,,,50.3,-2.7
132,Ribonuclease HI,Escherichia coli,155,17654.05,NRECH,RNH_ECOLI (P00647),EC 3.1.27.3,A973992,2RN2,,https://www.rcsb.org/structure/2RN2,,A 52 Q,,,,,,49.1,-3.9
133,Ribonuclease HI,Escherichia coli,155,17655.03,NRECH,RNH_ECOLI (P00647),EC 3.1.27.3,A973992,2RN2,,https://www.rcsb.org/structure/2RN2,,A 52 E,,,,,,48.0,-5.0
134,Ribonuclease HI,Escherichia coli,155,17623.03,NRECH,RNH_ECOLI (P00647),EC 3.1.27.3,A973992,2RN2,,https://www.rcsb.org/structure/2RN2,,A 52 P,,,,,,47.6,-5.4
135,Ribonuclease HI,Escherichia coli,155,17613.00,NRECH,RNH_ECOLI (P00647),EC 3.1.27.3,A973992,2RN2,,https://www.rcsb.org/structure/2RN2,,A 52 S,,,,,,47.2,-5.8
136,Ribonuclease HI,Escherichia coli,155,17640.02,NRECH,RNH_ECOLI (P00647),EC 3.1.27.3,A973992,2RN2,,https://www.rcsb.org/structure/2RN2,,A 52 N,,,,,,47.1,-5.9
137,Ribonuclease HI,Escherichia coli,155,17641.01,NRECH,RNH_ECOLI (P00647),EC 3.1.27.3,A973992,2RN2,,https://www.rcsb.org/structure/2RN2,,A 52 D,,,,,,46.9,-6.1
138,Ribonuclease HI,Escherichia coli,155,17689.09,NRECH,RNH_ECOLI (P00647),EC 3.1.27.3,A973992,2RN2,,https://www.rcsb.org/structure/2RN2,,A 52 Y,,,,,,45.4,-7.6
139,Ribonuclease HI,Escherichia coli,155,17582.97,NRECH,RNH_ECOLI (P00647),EC 3.1.27.3,A973992,2RN2,,https://www.rcsb.org/structure/2RN2,,A 52 G,,,,,,44.1,-8.9
140,Ribonuclease HI,Escherichia coli,155,17663.06,NRECH,RNH_ECOLI (P00647),EC 3.1.27.3,A973992,2RN2,,https://www.rcsb.org/structure/2RN2,,A 52 H,,,,,,41.2,-11.8
141,Ribonuclease HI,Escherichia coli,155,17654.09,NRECH,RNH_ECOLI (P00647),EC 3.1.27.3,A973992,2RN2,,https://www.rcsb.org/structure/2RN2,,A 52 K,,,,,,33.5,-19.5
142,Ribonuclease HI,Escherichia coli,155,17597.00,NRECH,RNH_ECOLI (P00647),EC 3.1.27.3,A960432,2RN2,,https://www.rcsb.org/structure/2RN2,,wild,,,,,,47.0,0.0
143,Ribonuclease HI,Escherichia coli,155,17597.00,NRECH,RNH_ECOLI (P00647),EC 3.1.27.3,A960432,2RN2,,https://www.rcsb.org/structure/2RN2,,wild,,,,,,50.0,0.0
144,Ribonuclease HI,Escherichia coli,155,17596.01,NRECH,RNH_ECOLI (P00647),EC 3.1.27.3,A960432,2RN2,1RDA,https://www.rcsb.org/structure/2RN2,https://www.rcsb.org/structure/1RDA,D 10 N,,,,,,53.8,6.8
145,Ribonuclease HI,Escherichia coli,155,17552.99,NRECH,RNH_ECOLI (P00647),EC 3.1.27.3,A960432,2RN2,,https://www.rcsb.org/structure/2RN2,,D 10 A,,,,,,60.7,13.7
146,Ribonuclease HI,Escherichia coli,155,17611.02,NRECH,RNH_ECOLI (P00647),EC 3.1.27.3,A960432,2RN2,,https://www.rcsb.org/structure/2RN2,,D 10 E,,,,,,50.4,3.4
147,Ribonuclease HI,Escherichia coli,155,17568.99,NRECH,RNH_ECOLI (P00647),EC 3.1.27.3,A960432,2RN2,,https://www.rcsb.org/structure/2RN2,,D 10 S,,,,,,56.2,9.2
148,Ribonuclease HI,Escherichia coli,155,17619.05,NRECH,RNH_ECOLI (P00647),EC 3.1.27.3,A960432,2RN2,,https://www.rcsb.org/structure/2RN2,,D 10 H,,,,,,55.2,8.2
149,Ribonuclease HI,Escherichia coli,155,17596.02,NRECH,RNH_ECOLI (P00647),EC 3.1.27.3,A960432,2RN2,1RDB,https://www.rcsb.org/structure/2RN2,https://www.rcsb.org/structure/1RDB,E 48 Q,,,,,,48.0,1.0
150,Ribonuclease HI,Escherichia coli,155,17538.97,NRECH,RNH_ECOLI (P00647),EC 3.1.27.3,A960432,2RN2,,https://www.rcsb.org/structure/2RN2,,E 48 A,,,,,,46.0,-1.0
151,Ribonuclease HI,Escherichia coli,155,17582.98,NRECH,RNH_ECOLI (P00647),EC 3.1.27.3,A960432,2RN2,,https://www.rcsb.org/structure/2RN2,,E 48 D,,,,,,46.2,-0.8
152,Ribonuclease HI,Escherichia coli,155,17596.01,NRECH,RNH_ECOLI (P00647),EC 3.1.27.3,A960432,2RN2,1RDC,https://www.rcsb.org/structure/2RN2,https://www.rcsb.org/structure/1RDC,D 70 N,,,,,,52.5,5.5
153,Ribonuclease HI,Escherichia coli,155,17552.99,NRECH,RNH_ECOLI (P00647),EC 3.1.27.3,A960432,2RN2,,https://www.rcsb.org/structure/2RN2,,D 70 A,,,,,,50.8,3.8
154,Ribonuclease HI,Escherichia coli,155,17611.02,NRECH,RNH_ECOLI (P00647),EC 3.1.27.3,A960432,2RN2,,https://www.rcsb.org/structure/2RN2,,D 70 E,,,,,,47.4,0.4
155,Ribonuclease HI,Escherichia coli,155,17596.01,NRECH,RNH_ECOLI (P00647),EC 3.1.27.3,A960432,2RN2,1KVC,https://www.rcsb.org/structure/2RN2,https://www.rcsb.org/structure/1KVC,D 134 N,,,,,,53.4,6.4
156,Ribonuclease HI,Escherichia coli,155,17552.99,NRECH,RNH_ECOLI (P00647),EC 3.1.27.3,A960432,2RN2,1KVA,https://www.rcsb.org/structure/2RN2,https://www.rcsb.org/structure/1KVA,D 134 A,,,,,,53.8,6.8
157,Ribonuclease HI,Escherichia coli,155,17596.01,NRECH,RNH_ECOLI (P00647),EC 3.1.27.3,A960432,2RN2,1RDA,https://www.rcsb.org/structure/2RN2,https://www.rcsb.org/structure/1RDA,D 10 N,,,,,,47.4,-2.6
158,Ribonuclease HI,Escherichia coli,155,17552.99,NRECH,RNH_ECOLI (P00647),EC 3.1.27.3,A960432,2RN2,,https://www.rcsb.org/structure/2RN2,,D 10 A,,,,,,58.1,8.1
159,Ribonuclease HI,Escherichia coli,155,17611.02,NRECH,RNH_ECOLI (P00647),EC 3.1.27.3,A960432,2RN2,,https://www.rcsb.org/structure/2RN2,,D 10 E,,,,,,53.8,3.8
160,Ribonuclease HI,Escherichia coli,155,17568.99,NRECH,RNH_ECOLI (P00647),EC 3.1.27.3,A960432,2RN2,,https://www.rcsb.org/structure/2RN2,,D 10 S,,,,,,52.4,2.4
161,Ribonuclease HI,Escherichia coli,155,17619.05,NRECH,RNH_ECOLI (P00647),EC 3.1.27.3,A960432,2RN2,,https://www.rcsb.org/structure/2RN2,,D 10 H,,,,,,51.5,1.5
162,Ribonuclease HI,Escherichia coli,155,17596.02,NRECH,RNH_ECOLI (P00647),EC 3.1.27.3,A960432,2RN2,1RDB,https://www.rcsb.org/structure/2RN2,https://www.rcsb.org/structure/1RDB,E 48 Q,,,,,,49.8,-0.2
163,Ribonuclease HI,Escherichia coli,155,17538.97,NRECH,RNH_ECOLI (P00647),EC 3.1.27.3,A960432,2RN2,,https://www.rcsb.org/structure/2RN2,,E 48 A,,,,,,49.8,-0.2
164,Ribonuclease HI,Escherichia coli,155,17582.98,NRECH,RNH_ECOLI (P00647),EC 3.1.27.3,A960432,2RN2,,https://www.rcsb.org/structure/2RN2,,E 48 D,,,,,,50.8,0.8
165,Ribonuclease HI,Escherichia coli,155,17596.01,NRECH,RNH_ECOLI (P00647),EC 3.1.27.3,A960432,2RN2,1RDC,https://www.rcsb.org/structure/2RN2,https://www.rcsb.org/structure/1RDC,D 70 N,,,,,,48.8,-1.2
166,Ribonuclease HI,Escherichia coli,155,17552.99,NRECH,RNH_ECOLI (P00647),EC 3.1.27.3,A960432,2RN2,,https://www.rcsb.org/structure/2RN2,,D 70 A,,,,,,49.7,-0.3
167,Ribonuclease HI,Escherichia coli,155,17611.02,NRECH,RNH_ECOLI (P00647),EC 3.1.27.3,A960432,2RN2,,https://www.rcsb.org/structure/2RN2,,D 70 E,,,,,,51.8,1.8
168,Ribonuclease HI,Escherichia coli,155,17596.01,NRECH,RNH_ECOLI (P00647),EC 3.1.27.3,A960432,2RN2,1KVC,https://www.rcsb.org/structure/2RN2,https://www.rcsb.org/structure/1KVC,D 134 N,,,,,,49.7,-0.3
169,Ribonuclease HI,Escherichia coli,155,17552.99,NRECH,RNH_ECOLI (P00647),EC 3.1.27.3,A960432,2RN2,1KVA,https://www.rcsb.org/structure/2RN2,https://www.rcsb.org/structure/1KVA,D 134 A,,,,,,52.9,2.9
170,Barnase,Bacillus amyloliquefaciens,123,13791.00,NRBSN,RNBR_BACAM (P00648),,A920115,1BNI,,https://www.rcsb.org/structure/1BNI,,wild,A,8.83,,,0.0,,
171,Barnase,Bacillus amyloliquefaciens,123,13876.11,NRBSN,RNBR_BACAM (P00648),,A920115,1BNI,,https://www.rcsb.org/structure/1BNI,,A 32 R,A,8.63,-0.20,,-0.1,,
172,Barnase,Bacillus amyloliquefaciens,123,13848.09,NRBSN,RNBR_BACAM (P00648),,A920115,1BNI,,https://www.rcsb.org/structure/1BNI,,A 32 K,A,8.73,-0.10,,-0.2,,
173,Barnase,Bacillus amyloliquefaciens,123,13851.12,NRBSN,RNBR_BACAM (P00648),,A920115,1BNI,,https://www.rcsb.org/structure/1BNI,,A 32 M,A,8.75,-0.08,,-0.3,,
174,Barnase,Bacillus amyloliquefaciens,123,13833.08,NRBSN,RNBR_BACAM (P00648),,A920115,1BNI,,https://www.rcsb.org/structure/1BNI,,A 32 L,A,8.91,0.08,,-0.3,,
175,Barnase,Bacillus amyloliquefaciens,123,13807.00,NRBSN,RNBR_BACAM (P00648),,A920115,1BNI,,https://www.rcsb.org/structure/1BNI,,A 32 S,A,8.67,-0.16,,-0.4,,
176,Barnase,Bacillus amyloliquefaciens,123,13848.05,NRBSN,RNBR_BACAM (P00648),,A920115,1BNI,,https://www.rcsb.org/structure/1BNI,,A 32 Q,A,8.48,-0.35,,-0.5,,
177,Barnase,Bacillus amyloliquefaciens,123,13849.03,NRBSN,RNBR_BACAM (P00648),,A920115,1BNI,,https://www.rcsb.org/structure/1BNI,,A 32 E,A,8.96,0.13,,-0.6,,
178,Barnase,Bacillus amyloliquefaciens,123,13834.02,NRBSN,RNBR_BACAM (P00648),,A920115,1BNI,,https://www.rcsb.org/structure/1BNI,,A 32 N,A,8.50,-0.33,,-0.7,,
179,Barnase,Bacillus amyloliquefaciens,123,13867.09,NRBSN,RNBR_BACAM (P00648),,A920115,1BNI,,https://www.rcsb.org/structure/1BNI,,A 32 F,A,8.40,-0.43,,-0.7,,
180,Barnase,Bacillus amyloliquefaciens,123,13835.01,NRBSN,RNBR_BACAM (P00648),,A920115,1BNI,,https://www.rcsb.org/structure/1BNI,,A 32 D,A,8.42,-0.41,,-0.7,,
181,Barnase,Bacillus amyloliquefaciens,123,13857.06,NRBSN,RNBR_BACAM (P00648),,A920115,1BNI,,https://www.rcsb.org/structure/1BNI,,A 32 H,A,8.13,-0.70,,-0.8,,
182,Barnase,Bacillus amyloliquefaciens,123,13821.02,NRBSN,RNBR_BACAM (P00648),,A920115,1BNI,,https://www.rcsb.org/structure/1BNI,,A 32 T,A,8.34,-0.49,,-0.8,,
183,Barnase,Bacillus amyloliquefaciens,123,13833.08,NRBSN,RNBR_BACAM (P00648),,A920115,1BNI,,https://www.rcsb.org/structure/1BNI,,A 32 I,A,8.15,-0.68,,-0.8,,
184,Barnase,Bacillus amyloliquefaciens,123,13883.09,NRBSN,RNBR_BACAM (P00648),,A920115,1BNI,,https://www.rcsb.org/structure/1BNI,,A 32 Y,A,8.13,-0.70,,-0.8,,
185,Barnase,Bacillus amyloliquefaciens,123,13819.05,NRBSN,RNBR_BACAM (P00648),,A920115,1BNI,,https://www.rcsb.org/structure/1BNI,,A 32 V,A,8.49,-0.34,,-0.9,,
186,Barnase,Bacillus amyloliquefaciens,123,13776.97,NRBSN,RNBR_BACAM (P00648),,A920115,1BNI,,https://www.rcsb.org/structure/1BNI,,A 32 G,A,8.18,-0.65,,-0.9,,
187,Barnase,Bacillus amyloliquefaciens,123,13906.12,NRBSN,RNBR_BACAM (P00648),,A920115,1BNI,,https://www.rcsb.org/structure/1BNI,,A 32 W,A,7.69,-1.14,,-1.0,,
188,Barnase,Bacillus amyloliquefaciens,123,13823.06,NRBSN,RNBR_BACAM (P00648),,A920115,1BNI,,https://www.rcsb.org/structure/1BNI,,A 32 C,A,6.98,-1.85,,-1.0,,
189,Barnase,Bacillus amyloliquefaciens,123,13817.03,NRBSN,RNBR_BACAM (P00648),,A920115,1BNI,,https://www.rcsb.org/structure/1BNI,,A 32 P,A,4.71,-4.12,,-4.1,,
190,Barnase,Bacillus amyloliquefaciens,123,13833.03,NRBSN,RNBR_BACAM (P00648),,A910416,1BNI,,https://www.rcsb.org/structure/1BNI,,S 28 E,A,9.44,0.61,,0.4,,
191,Lysozyme,Bacteriophage T4,164,18635.00,LZBPT4,LYS_BPT4 (P00720),EC 3.2.1.17,A921426,2LZM,,https://www.rcsb.org/structure/2LZM,,wild,,,,,,41.9,0.0
192,Lysozyme,Bacteriophage T4,164,18635.00,LZBPT4,LYS_BPT4 (P00720),EC 3.2.1.17,A921426,2LZM,,https://www.rcsb.org/structure/2LZM,,wild,,,,,,64.7,0.0
193,Lysozyme,Bacteriophage T4,164,18603.94,LZBPT4,LYS_BPT4 (P00720),EC 3.2.1.17,A921426,2LZM,1L56,https://www.rcsb.org/structure/2LZM,https://www.rcsb.org/structure/1L56,K 60 P,,,,,,42.2,0.3
194,Lysozyme,Bacteriophage T4,164,18649.03,LZBPT4,LYS_BPT4 (P00720),EC 3.2.1.17,A921426,2LZM,1L23,https://www.rcsb.org/structure/2LZM,https://www.rcsb.org/structure/1L23,G 77 A,,,,,,40.5,-1.4
195,Lysozyme,Bacteriophage T4,164,18661.03,LZBPT4,LYS_BPT4 (P00720),EC 3.2.1.17,A921426,2LZM,1L24,https://www.rcsb.org/structure/2LZM,https://www.rcsb.org/structure/1L24,A 82 P,,,,,,42.7,0.8
196,Lysozyme,Bacteriophage T4,164,18661.03,LZBPT4,LYS_BPT4 (P00720),EC 3.2.1.17,A921426,2LZM,,https://www.rcsb.org/structure/2LZM,,A 93 P,,,,,,42.3,0.4
197,Lysozyme,Bacteriophage T4,164,18649.03,LZBPT4,LYS_BPT4 (P00720),EC 3.2.1.17,A921426,2LZM,1L60,https://www.rcsb.org/structure/2LZM,https://www.rcsb.org/structure/1L60,G 113 A,,,,,,42.3,0.4
198,Lysozyme,Bacteriophage T4,164,18603.94,LZBPT4,LYS_BPT4 (P00720),EC 3.2.1.17,A921426,2LZM,1L56,https://www.rcsb.org/structure/2LZM,https://www.rcsb.org/structure/1L56,K 60 P,,,,,,64.6,-0.1
199,Lysozyme,Bacteriophage T4,164,18649.03,LZBPT4,LYS_BPT4 (P00720),EC 3.2.1.17,A921426,2LZM,1L23,https://www.rcsb.org/structure/2LZM,https://www.rcsb.org/structure/1L23,G 77 A,,,,,,65.6,0.9
200,Lysozyme,Bacteriophage T4,164,18661.03,LZBPT4,LYS_BPT4 (P00720),EC 3.2.1.17,A921426,2LZM,1L24,https://www.rcsb.org/structure/2LZM,https://www.rcsb.org/structure/1L24,A 82 P,,,,,,66.8,2.1
201,Lysozyme,Bacteriophage T4,164,18661.03,LZBPT4,LYS_BPT4 (P00720),EC 3.2.1.17,A921426,2LZM,,https://www.rcsb.org/structure/2LZM,,A 93 P,,,,,,64.9,0.2
202,Lysozyme,Bacteriophage T4,164,18649.03,LZBPT4,LYS_BPT4 (P00720),EC 3.2.1.17,A921426,2LZM,1L60,https://www.rcsb.org/structure/2LZM,https://www.rcsb.org/structure/1L60,G 113 A,,,,,,65.3,0.8
203,Myoglobin,Human,154,17184.00,MYHU,MYG_HUMAN (P02144),,A930275,,,https://www.rcsb.org/structure/,,wild,,4.57,,,,,
204,Myoglobin,Human,154,17141.92,MYHU,MYG_HUMAN (P02144),,A930275,,,https://www.rcsb.org/structure/,,L 29 A,,6.22,1.65,,,,
205,Myoglobin,Human,154,17141.92,MYHU,MYG_HUMAN (P02144),,A930275,,,https://www.rcsb.org/structure/,,L 72 A,,3.83,-0.74,,,,
206,Myoglobin,Human,154,17141.92,MYHU,MYG_HUMAN (P02144),,A930275,,,https://www.rcsb.org/structure/,,L 104 A,,3.97,-0.60,,,,
207,Lambda repressor,Bacteriophage lambda,237,26212.00,RPBPL,RPC1_LAMBD (P03034),EC 1.14.14.3,A921477,1LRP,,https://www.rcsb.org/structure/1LRP,,wild,,4.80,,,,,
208,Lambda repressor,Bacteriophage lambda,237,26212.00,RPBPL,RPC1_LAMBD (P03034),EC 1.14.14.3,A921477,1LRP,,https://www.rcsb.org/structure/1LRP,,wild,,6.00,,,,,
209,Lambda repressor,Bacteriophage lambda,237,26226.03,RPBPL,RPC1_LAMBD (P03034),EC 1.14.14.3,A921477,1LRP,,https://www.rcsb.org/structure/1LRP,,V 36 I,,5.80,1.00,,,,
210,Lambda repressor,Bacteriophage lambda,237,26151.88,RPBPL,RPC1_LAMBD (P03034),EC 1.14.14.3,A921477,1LRP,,https://www.rcsb.org/structure/1LRP,,M 40 A,,2.80,-2.00,,,,
211,Lambda repressor,Bacteriophage lambda,237,26226.03,RPBPL,RPC1_LAMBD (P03034),EC 1.14.14.3,A921477,1LRP,,https://www.rcsb.org/structure/1LRP,,V 36 I,,6.60,0.60,,,,
212,Lambda repressor,Bacteriophage lambda,237,26151.88,RPBPL,RPC1_LAMBD (P03034),EC 1.14.14.3,A921477,1LRP,,https://www.rcsb.org/structure/1LRP,,M 40 A,,3.90,-2.10,,,,
213,Lambda repressor,Bacteriophage lambda,237,26212.00,RPBPL,RPC1_LAMBD (P03034),EC 1.14.14.3,A921477,1LRP,,https://www.rcsb.org/structure/1LRP,,wild,,,,,,55.7,0.0
214,Lambda repressor,Bacteriophage lambda,237,26226.03,RPBPL,RPC1_LAMBD (P03034),EC 1.14.14.3,A921477,1LRP,,https://www.rcsb.org/structure/1LRP,,V 36 I,,,,,,59.1,3.4
215,Lambda repressor,Bacteriophage lambda,237,26151.88,RPBPL,RPC1_LAMBD (P03034),EC 1.14.14.3,A921477,1LRP,,https://www.rcsb.org/structure/1LRP,,M 40 A,,,,,,47.1,-8.6
216,Rop,Escherichia coli,63,7228.00,RGECRE,ROP_ECOLI (P03051),,A962044,1ROP,,https://www.rcsb.org/structure/1ROP,,wild,A,,,,,68.7,0.0
217,Rop,Escherichia coli,63,7169.96,RGECRE,ROP_ECOLI (P03051),,A962044,1ROP,,https://www.rcsb.org/structure/1ROP,,D 30 G,A,,,,,80.3,11.6
218,Rop,Escherichia coli,63,7241.04,RGECRE,ROP_ECOLI (P03051),,A962044,1ROP,,https://www.rcsb.org/structure/1ROP,,D 30 Q,A,,,,,79.1,10.4
219,Rop,Escherichia coli,63,7242.02,RGECRE,ROP_ECOLI (P03051),,A962044,1ROP,,https://www.rcsb.org/structure/1ROP,,D 30 E,A,,,,,74.9,6.2
220,Rop,Escherichia coli,63,7199.99,RGECRE,ROP_ECOLI (P03051),,A962044,1ROP,,https://www.rcsb.org/structure/1ROP,,D 30 S,A,,,,,74.7,6.0
221,Rop,Escherichia coli,63,7241.08,RGECRE,ROP_ECOLI (P03051),,A962044,1ROP,,https://www.rcsb.org/structure/1ROP,,D 30 K,A,,,,,74.6,5.9
222,Rop,Escherichia coli,63,7250.05,RGECRE,ROP_ECOLI (P03051),,A962044,1ROP,,https://www.rcsb.org/structure/1ROP,,D 30 H,A,,,,,74.5,5.8
223,Rop,Escherichia coli,63,7216.05,RGECRE,ROP_ECOLI (P03051),,A962044,1ROP,,https://www.rcsb.org/structure/1ROP,,D 30 C,A,,,,,74.0,5.3
224,Rop,Escherichia coli,63,7269.10,RGECRE,ROP_ECOLI (P03051),,A962044,1ROP,,https://www.rcsb.org/structure/1ROP,,D 30 R,A,,,,,74.0,5.3
225,Rop,Escherichia coli,63,7227.01,RGECRE,ROP_ECOLI (P03051),,A962044,1ROP,,https://www.rcsb.org/structure/1ROP,,D 30 N,A,,,,,73.8,5.1
226,Rop,Escherichia coli,63,7244.11,RGECRE,ROP_ECOLI (P03051),,A962044,1ROP,,https://www.rcsb.org/structure/1ROP,,D 30 M,A,,,,,72.7,4.0
227,Rop,Escherichia coli,63,7183.99,RGECRE,ROP_ECOLI (P03051),,A962044,1ROP,,https://www.rcsb.org/structure/1ROP,,D 30 A,A,,,,,71.2,2.5
228,Rop,Escherichia coli,63,7276.08,RGECRE,ROP_ECOLI (P03051),,A962044,1ROP,,https://www.rcsb.org/structure/1ROP,,D 30 Y,A,,,,,70.4,1.7
229,Rop,Escherichia coli,63,7226.07,RGECRE,ROP_ECOLI (P03051),,A962044,1ROP,,https://www.rcsb.org/structure/1ROP,,D 30 L,A,,,,,68.4,-0.3
230,Rop,Escherichia coli,63,7260.08,RGECRE,ROP_ECOLI (P03051),,A962044,1ROP,,https://www.rcsb.org/structure/1ROP,,D 30 F,A,,,,,68.3,-0.4
231,Rop,Escherichia coli,63,7214.01,RGECRE,ROP_ECOLI (P03051),,A962044,1ROP,,https://www.rcsb.org/structure/1ROP,,D 30 T,A,,,,,66.6,-2.1
232,Rop,Escherichia coli,63,7212.04,RGECRE,ROP_ECOLI (P03051),,A962044,1ROP,,https://www.rcsb.org/structure/1ROP,,D 30 V,A,,,,,66.6,-2.1
233,Rop,Escherichia coli,63,7299.11,RGECRE,ROP_ECOLI (P03051),,A962044,1ROP,,https://www.rcsb.org/structure/1ROP,,D 30 W,A,,,,,65.9,-2.8
234,Rop,Escherichia coli,63,7226.07,RGECRE,ROP_ECOLI (P03051),,A962044,1ROP,,https://www.rcsb.org/structure/1ROP,,D 30 I,A,,,,,63.4,-5.3
235,Rop,Escherichia coli,63,7210.02,RGECRE,ROP_ECOLI (P03051),,A962044,1ROP,,https://www.rcsb.org/structure/1ROP,,D 30 P,A,,,,,58.9,-9.8
236,Tryptophan synthase alpha-subunit,Salmonella typhimurium,268,28670.00,TSEBAT,TRPA_SALTY (P00929),,A920638,2WSY,,https://www.rcsb.org/structure/2WSY,,wild,A,13.17,,,,,
237,Tryptophan synthase alpha-subunit,Salmonella typhimurium,268,28635.99,TSEBAT,TRPA_SALTY (P00929),,A920638,2WSY,,https://www.rcsb.org/structure/2WSY,,F 22 L,A,12.11,-1.05,,,,
238,Tryptophan synthase alpha-subunit,Salmonella typhimurium,268,28635.99,TSEBAT,TRPA_SALTY (P00929),,A920638,2WSY,,https://www.rcsb.org/structure/2WSY,,F 22 I,A,8.58,-4.58,,,,
239,Tryptophan synthase alpha-subunit,Salmonella typhimurium,268,28621.96,TSEBAT,TRPA_SALTY (P00929),,A920638,2WSY,,https://www.rcsb.org/structure/2WSY,,F 22 V,A,9.72,-3.44,,,,
240,Tryptophan synthase alpha-subunit,Salmonella typhimurium,268,28670.00,TSEBAT,TRPA_SALTY (P00929),,A920638,2WSY,,https://www.rcsb.org/structure/2WSY,,wild,A,7.35,,,,,
241,Tryptophan synthase alpha-subunit,Salmonella typhimurium,268,28670.00,TSEBAT,TRPA_SALTY (P00929),,A920638,2WSY,,https://www.rcsb.org/structure/2WSY,,wild,A,5.81,,,,,
242,Tryptophan synthase alpha-subunit,Salmonella typhimurium,268,28635.99,TSEBAT,TRPA_SALTY (P00929),,A920638,2WSY,,https://www.rcsb.org/structure/2WSY,,F 22 L,A,6.38,-0.97,,,,
243,Tryptophan synthase alpha-subunit,Salmonella typhimurium,268,28635.99,TSEBAT,TRPA_SALTY (P00929),,A920638,2WSY,,https://www.rcsb.org/structure/2WSY,,F 22 L,A,5.73,-0.08,,,,
244,Tryptophan synthase alpha-subunit,Salmonella typhimurium,268,28635.99,TSEBAT,TRPA_SALTY (P00929),,A920638,2WSY,,https://www.rcsb.org/structure/2WSY,,F 22 I,A,3.16,-4.19,,,,
245,Tryptophan synthase alpha-subunit,Salmonella typhimurium,268,28635.99,TSEBAT,TRPA_SALTY (P00929),,A920638,2WSY,,https://www.rcsb.org/structure/2WSY,,F 22 I,A,5.43,-0.38,,,,
246,Tryptophan synthase alpha-subunit,Salmonella typhimurium,268,28621.96,TSEBAT,TRPA_SALTY (P00929),,A920638,2WSY,,https://www.rcsb.org/structure/2WSY,,F 22 V,A,3.85,-3.50,,,,
247,Tryptophan synthase alpha-subunit,Salmonella typhimurium,268,28621.96,TSEBAT,TRPA_SALTY (P00929),,A920638,2WSY,,https://www.rcsb.org/structure/2WSY,,F 22 V,A,5.87,0.06,,,,
248,Myoglobin,Sperm whale,153,17200.00,MYWHP,MYG_PHYCA (P02185),EC 3.4.24.69,A931540,1BVC,,https://www.rcsb.org/structure/1BVC,,wild,,,,,,76.5,0.0
249,Myoglobin,Sperm whale,153,17200.00,MYWHP,MYG_PHYCA (P02185),EC 3.4.24.69,A931540,1BVC,,https://www.rcsb.org/structure/1BVC,,I 28 L,,,,,,74.8,-1.7
250,Myoglobin,Sperm whale,153,17218.04,MYWHP,MYG_PHYCA (P02185),EC 3.4.24.69,A931540,1BVC,,https://www.rcsb.org/structure/1BVC,,I 28 M,,,,,,74.8,-1.7
251,Myoglobin,Sperm whale,153,17185.97,MYWHP,MYG_PHYCA (P02185),EC 3.4.24.69,A931540,1BVC,,https://www.rcsb.org/structure/1BVC,,I 28 V,,,,,,76.6,0.1
252,Myoglobin,Sperm whale,153,17157.92,MYWHP,MYG_PHYCA (P02185),EC 3.4.24.69,A931540,1BVC,,https://www.rcsb.org/structure/1BVC,,I 28 A,,,,,,72.1,-4.4
253,Myoglobin,Sperm whale,153,17200.00,MYWHP,MYG_PHYCA (P02185),EC 3.4.24.69,A931540,1BVC,,https://www.rcsb.org/structure/1BVC,,I 111 L,,,,,,74.5,-2.0
254,Myoglobin,Sperm whale,153,17218.04,MYWHP,MYG_PHYCA (P02185),EC 3.4.24.69,A931540,1BVC,,https://www.rcsb.org/structure/1BVC,,I 111 M,,,,,,72.8,-3.7
255,Myoglobin,Sperm whale,153,17157.92,MYWHP,MYG_PHYCA (P02185),EC 3.4.24.69,A931540,1BVC,,https://www.rcsb.org/structure/1BVC,,I 111 A,,,,,,70.1,-6.4
256,Myoglobin,Sperm whale,153,17200.00,MYWHP,MYG_PHYCA (P02185),EC 3.4.24.69,A931540,1BVC,,https://www.rcsb.org/structure/1BVC,,I 142 L,,,,,,78.3,1.8
257,Myoglobin,Sperm whale,153,17218.04,MYWHP,MYG_PHYCA (P02185),EC 3.4.24.69,A931540,1BVC,,https://www.rcsb.org/structure/1BVC,,I 142 M,,,,,,79.1,2.6
258,Myoglobin,Sperm whale,153,17185.97,MYWHP,MYG_PHYCA (P02185),EC 3.4.24.69,A931540,1BVC,,https://www.rcsb.org/structure/1BVC,,I 142 V,,,,,,76.2,-0.3
259,Myoglobin,Sperm whale,153,17157.92,MYWHP,MYG_PHYCA (P02185),EC 3.4.24.69,A931540,1BVC,,https://www.rcsb.org/structure/1BVC,,I 142 A,,,,,,73.0,-3.5
260,Myoglobin,Sperm whale,153,17200.00,MYWHP,MYG_PHYCA (P02185),EC 3.4.24.69,A931540,1BVC,,https://www.rcsb.org/structure/1BVC,,L 29 I,,,,,,72.9,-3.6
261,Myoglobin,Sperm whale,153,17218.04,MYWHP,MYG_PHYCA (P02185),EC 3.4.24.69,A931540,1BVC,,https://www.rcsb.org/structure/1BVC,,L 29 M,,,,,,76.2,-0.3
262,Myoglobin,Sperm whale,153,17185.97,MYWHP,MYG_PHYCA (P02185),EC 3.4.24.69,A931540,1BVC,,https://www.rcsb.org/structure/1BVC,,L 29 V,,,,,,70.5,-6.0
263,Myoglobin,Sperm whale,153,17157.92,MYWHP,MYG_PHYCA (P02185),EC 3.4.24.69,A931540,1BVC,,https://www.rcsb.org/structure/1BVC,,L 29 A,,,,,,67.6,-8.9
264,Myoglobin,Sperm whale,153,17200.00,MYWHP,MYG_PHYCA (P02185),EC 3.4.24.69,A931540,1BVC,,https://www.rcsb.org/structure/1BVC,,L 69 I,,,,,,76.4,-0.1
265,Myoglobin,Sperm whale,153,17218.04,MYWHP,MYG_PHYCA (P02185),EC 3.4.24.69,A931540,1BVC,,https://www.rcsb.org/structure/1BVC,,L 69 M,,,,,,76.5,0.0
266,Myoglobin,Sperm whale,153,17185.97,MYWHP,MYG_PHYCA (P02185),EC 3.4.24.69,A931540,1BVC,,https://www.rcsb.org/structure/1BVC,,L 69 V,,,,,,76.2,-0.3
267,Myoglobin,Sperm whale,153,17157.92,MYWHP,MYG_PHYCA (P02185),EC 3.4.24.69,A931540,1BVC,,https://www.rcsb.org/structure/1BVC,,L 69 A,,,,,,72.7,-3.8
268,Myoglobin,Sperm whale,153,17200.00,MYWHP,MYG_PHYCA (P02185),EC 3.4.24.69,A931540,1BVC,,https://www.rcsb.org/structure/1BVC,,L 135 I,,,,,,71.3,-5.2
269,Myoglobin,Sperm whale,153,17218.04,MYWHP,MYG_PHYCA (P02185),EC 3.4.24.69,A931540,1BVC,,https://www.rcsb.org/structure/1BVC,,L 135 M,,,,,,74.0,-2.5
270,Myoglobin,Sperm whale,153,17185.97,MYWHP,MYG_PHYCA (P02185),EC 3.4.24.69,A931540,1BVC,,https://www.rcsb.org/structure/1BVC,,L 135 V,,,,,,66.2,-8.3
271,Myoglobin,Sperm whale,153,17200.00,MYWHP,MYG_PHYCA (P02185),EC 3.4.24.69,A931540,1BVC,,https://www.rcsb.org/structure/1BVC,,L 49 I,,,,,,74.0,-2.5
272,Trypsin inhibitor,Bovine,80,8787.85,TIBO,BPT1_BOVIN (P00974),,A930049,1BPI,,https://www.rcsb.org/structure/1BPI,,wild,,,,,,87.0,0.0
273,Trypsin inhibitor,Bovine,80,8681.73,TIBO,BPT1_BOVIN (P00974),,A930049,1BPI,8PTI,https://www.rcsb.org/structure/1BPI,https://www.rcsb.org/structure/8PTI,Y 35 G,,,,,,69.0,-18.0
274,Trypsin inhibitor,Bovine,80,8801.88,TIBO,BPT1_BOVIN (P00974),,A930049,1BPI,,https://www.rcsb.org/structure/1BPI,,G 37 A,,,,,,66.0,-21.0
275,Trypsin inhibitor,Bovine,80,8730.80,TIBO,BPT1_BOVIN (P00974),,A930049,1BPI,1NAG,https://www.rcsb.org/structure/1BPI,https://www.rcsb.org/structure/1NAG,N 43 G,,,,,,55.0,-32.0
276,Trypsin inhibitor,Bovine,80,8730.80,TIBO,BPT1_BOVIN (P00974),,A930049,1BPI,,https://www.rcsb.org/structure/1BPI,,N 44 G,,,,,,66.0,-21.0
277,Cytochrome c,Tuna,103,11384.00,CCBN,CYC_KATPE (P00025),,A930176,1CYC,,https://www.rcsb.org/structure/1CYC,,wild,,5.66,,,,,
278,Cytochrome c,Tuna,103,11387.03,CCBN,CYC_KATPE (P00025),,A930176,1CYC,,https://www.rcsb.org/structure/1CYC,,K 73 M,,4.66,-1.00,,,,
279,Cytochrome c,Tuna,103,11419.00,CCBN,CYC_KATPE (P00025),,A930176,1CYC,,https://www.rcsb.org/structure/1CYC,,K 73 Y,,4.61,-1.05,,,,
280,Cytochrome c,Tuna,103,11403.00,CCBN,CYC_KATPE (P00025),,A930176,1CYC,,https://www.rcsb.org/structure/1CYC,,K 73 F,,4.51,-1.15,,,,
281,Cytochrome c,Tuna,103,11442.03,CCBN,CYC_KATPE (P00025),,A930176,1CYC,,https://www.rcsb.org/structure/1CYC,,K 73 W,,4.23,-1.43,,,,
282,Trypsin inhibitor,Bovine,80,8787.85,TIBO,BPT1_BOVIN (P00974),,A931062,1BPI,,https://www.rcsb.org/structure/1BPI,,wild,,,,,,,
283,Trypsin inhibitor,Bovine,80,8845.89,TIBO,BPT1_BOVIN (P00974),,A931062,1BPI,,https://www.rcsb.org/structure/1BPI,,G 12 D,,,-4.30,,,,
284,Trypsin inhibitor,Bovine,80,8829.93,TIBO,BPT1_BOVIN (P00974),,A931062,1BPI,,https://www.rcsb.org/structure/1BPI,,G 12 V,,,-4.10,,,,
285,Trypsin inhibitor,Bovine,80,8761.82,TIBO,BPT1_BOVIN (P00974),,A931062,1BPI,,https://www.rcsb.org/structure/1BPI,,P 13 A,,,-1.60,,,,
286,Trypsin inhibitor,Bovine,80,8777.82,TIBO,BPT1_BOVIN (P00974),,A931062,1BPI,,https://www.rcsb.org/structure/1BPI,,P 13 S,,,-1.40,,,,
287,Trypsin inhibitor,Bovine,80,8817.87,TIBO,BPT1_BOVIN (P00974),,A931062,1BPI,,https://www.rcsb.org/structure/1BPI,,A 16 T,,,-1.70,,,,
288,Trypsin inhibitor,Bovine,80,8815.90,TIBO,BPT1_BOVIN (P00974),,A931062,1BPI,,https://www.rcsb.org/structure/1BPI,,A 16 V,,,-1.30,,,,
289,Trypsin inhibitor,Bovine,80,8753.84,TIBO,BPT1_BOVIN (P00974),,A931062,1BPI,,https://www.rcsb.org/structure/1BPI,,F 33 I,,,-2.40,,,,
290,Trypsin inhibitor,Bovine,80,8753.84,TIBO,BPT1_BOVIN (P00974),,A931062,1BPI,,https://www.rcsb.org/structure/1BPI,,F 33 L,,,-1.30,,,,
291,Trypsin inhibitor,Bovine,80,8695.76,TIBO,BPT1_BOVIN (P00974),,A931062,1BPI,,https://www.rcsb.org/structure/1BPI,,Y 35 A,,,-4.70,,,,
292,Trypsin inhibitor,Bovine,80,8739.77,TIBO,BPT1_BOVIN (P00974),,A931062,1BPI,,https://www.rcsb.org/structure/1BPI,,Y 35 D,,,-3.80,,,,
293,Trypsin inhibitor,Bovine,80,8771.85,TIBO,BPT1_BOVIN (P00974),,A931062,1BPI,,https://www.rcsb.org/structure/1BPI,,Y 35 F,,,-0.60,,,,
294,Trypsin inhibitor,Bovine,80,8681.73,TIBO,BPT1_BOVIN (P00974),,A931062,1BPI,8PTI,https://www.rcsb.org/structure/1BPI,https://www.rcsb.org/structure/8PTI,Y 35 G,,,-5.00,,,,
295,Trypsin inhibitor,Bovine,80,8737.84,TIBO,BPT1_BOVIN (P00974),,A931062,1BPI,,https://www.rcsb.org/structure/1BPI,,Y 35 L,,,-3.70,,,,
296,Trypsin inhibitor,Bovine,80,8738.78,TIBO,BPT1_BOVIN (P00974),,A931062,1BPI,,https://www.rcsb.org/structure/1BPI,,Y 35 N,,,-3.70,,,,
297,Trypsin inhibitor,Bovine,80,8845.89,TIBO,BPT1_BOVIN (P00974),,A931062,1BPI,,https://www.rcsb.org/structure/1BPI,,G 36 D,,,-2.80,,,,
298,Trypsin inhibitor,Bovine,80,8801.88,TIBO,BPT1_BOVIN (P00974),,A931062,1BPI,,https://www.rcsb.org/structure/1BPI,,G 37 A,,,-2.20,,,,
299,Trypsin inhibitor,Bovine,80,8845.89,TIBO,BPT1_BOVIN (P00974),,A931062,1BPI,,https://www.rcsb.org/structure/1BPI,,G 37 D,,,-1.70,,,,
300,Trypsin inhibitor,Bovine,80,8787.85,TIBO,BPT1_BOVIN (P00974),,A931065,1BPI,,https://www.rcsb.org/structure/1BPI,,wild,,,,,,72.6,0.0
301,Trypsin inhibitor,Bovine,80,8817.88,TIBO,BPT1_BOVIN (P00974),,A931065,1BPI,,https://www.rcsb.org/structure/1BPI,,G 36 S,,,,,,67.9,-4.5
302,Staphylococcal nuclease,Staphylococcus aureus,231,25471.00,NCSAF,NUC_STAAU (P00644),,A930837,1STN,,https://www.rcsb.org/structure/1STN,,wild,,4.60,,,,,
303,Staphylococcal nuclease,Staphylococcus aureus,231,25430.94,NCSAF,NUC_STAAU (P00644),,A930837,1STN,1SNP | 1SYC,https://www.rcsb.org/structure/1STN,https://www.rcsb.org/structure/1SNP | 1SYC,P 117 G,,6.20,1.60,,,,
304,Staphylococcal nuclease,Staphylococcus aureus,231,25474.99,NCSAF,NUC_STAAU (P00644),,A930837,1STN,1SYE,https://www.rcsb.org/structure/1STN,https://www.rcsb.org/structure/1SYE,P 117 T,,5.70,1.10,,,,
305,Staphylococcal nuclease,Staphylococcus aureus,231,25444.97,NCSAF,NUC_STAAU (P00644),,A930837,1STN,,https://www.rcsb.org/structure/1STN,,P 31 A,,4.00,-0.60,,,,
306,Growth hormone,Human,620,69598.05,A33991,GHR_HUMAN (P10912),,A942418,3HHR,,https://www.rcsb.org/structure/3HHR,,wild,A,14.15,,,0.0,,
307,Growth hormone,Human,620,69612.07,A33991,GHR_HUMAN (P10912),,A942418,3HHR,,https://www.rcsb.org/structure/3HHR,,S 71 T,A,13.43,-0.72,,0.33,,
308,Growth hormone,Human,620,69582.05,A33991,GHR_HUMAN (P10912),,A942418,3HHR,,https://www.rcsb.org/structure/3HHR,,S 71 A,A,12.89,-1.26,,-0.97,,
309,Growth hormone,Human,620,69610.10,A33991,GHR_HUMAN (P10912),,A942418,3HHR,,https://www.rcsb.org/structure/3HHR,,S 71 V,A,12.83,-1.32,,-1.19,,
310,Growth hormone,Human,620,69639.10,A33991,GHR_HUMAN (P10912),,A942418,3HHR,,https://www.rcsb.org/structure/3HHR,,S 71 Q,A,12.69,-1.46,,-1.28,,
311,Growth hormone,Human,620,69584.03,A33991,GHR_HUMAN (P10912),,A942418,3HHR,,https://www.rcsb.org/structure/3HHR,,E 74 D,A,12.17,-1.98,,-0.55,,
312,Growth hormone,Human,620,69597.07,A33991,GHR_HUMAN (P10912),,A942418,3HHR,,https://www.rcsb.org/structure/3HHR,,E 74 Q,A,12.91,-1.24,,-0.18,,
313,Growth hormone,Human,620,69540.02,A33991,GHR_HUMAN (P10912),,A942418,3HHR,,https://www.rcsb.org/structure/3HHR,,E 74 A,A,12.74,-1.41,,-0.49,,
314,Growth hormone,Human,620,69556.02,A33991,GHR_HUMAN (P10912),,A942418,3HHR,,https://www.rcsb.org/structure/3HHR,,E 74 S,A,13.04,-1.11,,-0.91,,
315,Growth hormone,Human,620,69570.04,A33991,GHR_HUMAN (P10912),,A942418,3HHR,,https://www.rcsb.org/structure/3HHR,,E 74 T,A,12.43,-1.72,,-0.55,,
316,Growth hormone,Human,620,69582.10,A33991,GHR_HUMAN (P10912),,A942418,3HHR,,https://www.rcsb.org/structure/3HHR,,E 74 L,A,12.91,-1.24,,-0.79,,
317,Chemotactic protein,Escherichia coli,129,14097.00,QRECCY,CHEY_ECOLI (P06143),,A940439,1CEY,,https://www.rcsb.org/structure/1CEY,,wild,,5.20,,,,,
318,Chemotactic protein,Escherichia coli,129,14063.93,QRECCY,CHEY_ECOLI (P06143),,A940439,1CEY,,https://www.rcsb.org/structure/1CEY,,F 14 N,,8.10,2.90,,,,
319,Lysozyme,Human,148,16537.00,LZHU,LYC_HUMAN (P00695),EC 2.7.1.69,A911113,1LZ1,,https://www.rcsb.org/structure/1LZ1,,wild,,9.70,,,,,
320,Lysozyme,Human,148,16496.94,LZHU,LYC_HUMAN (P00695),EC 2.7.1.69,A911113,1LZ1,1LHI,https://www.rcsb.org/structure/1LZ1,https://www.rcsb.org/structure/1LHI,P 71 G,,8.50,-1.20,,,,
321,Lysozyme,Human,148,16496.94,LZHU,LYC_HUMAN (P00695),EC 2.7.1.69,A911113,1LZ1,1LHJ,https://www.rcsb.org/structure/1LZ1,https://www.rcsb.org/structure/1LHJ,P 103 G,,9.70,0.00,,,,
322,Lysozyme,Human,148,16563.03,LZHU,LYC_HUMAN (P00695),EC 2.7.1.69,A911113,1LZ1,1LHL,https://www.rcsb.org/structure/1LZ1,https://www.rcsb.org/structure/1LHL,A 47 P,,10.80,1.10,,,,
323,Lysozyme,Human,148,16519.02,LZHU,LYC_HUMAN (P00695),EC 2.7.1.69,A911113,1LZ1,1LHK,https://www.rcsb.org/structure/1LZ1,https://www.rcsb.org/structure/1LHK,D 91 P,,8.90,-0.80,,,,
324,Lysozyme,Human,148,16534.98,LZHU,LYC_HUMAN (P00695),EC 2.7.1.69,A911113,1LZ1,1LHH,https://www.rcsb.org/structure/1LZ1,https://www.rcsb.org/structure/1LHH,V 110 P,,12.10,2.40,,,,
325,Dihydrofolate reductase,Escherichia coli,159,17999.00,RDECD,DYR_ECOLI (P00379),EC 2.3.1.12,A910936,1RX4,,https://www.rcsb.org/structure/1RX4,,wild,,5.16,,,0.0,,
326,Dihydrofolate reductase,Escherichia coli,159,17970.95,RDECD,DYR_ECOLI (P00379),EC 2.3.1.12,A910936,1RX4,,https://www.rcsb.org/structure/1RX4,,V 88 A,,5.55,0.39,,0.2,,
327,Dihydrofolate reductase,Escherichia coli,159,18013.03,RDECD,DYR_ECOLI (P00379),EC 2.3.1.12,A910936,1RX4,,https://www.rcsb.org/structure/1RX4,,V 88 I,,5.91,0.75,,-1.73,,
328,Myoglobin,Sperm whale,153,17200.00,MYWHP,MYG_PHYCA (P02185),EC 3.4.24.69,A910295,1BVC,,https://www.rcsb.org/structure/1BVC,,wild,,5.80,,,,,
329,Myoglobin,Sperm whale,153,17242.08,MYWHP,MYG_PHYCA (P02185),EC 3.4.24.69,A910295,1BVC,,https://www.rcsb.org/structure/1BVC,,A 130 L,,3.50,-2.30,,,,
330,Myoglobin,Sperm whale,153,17257.09,MYWHP,MYG_PHYCA (P02185),EC 3.4.24.69,A910295,1BVC,,https://www.rcsb.org/structure/1BVC,,A 130 K,,2.10,-3.70,,,,
331,Myoglobin,Sperm whale,153,17153.93,MYWHP,MYG_PHYCA (P02185),EC 3.4.24.69,A910295,1BVC,,https://www.rcsb.org/structure/1BVC,,F 123 T,,2.30,-3.50,,,,
332,Citrate synthase,Pig,464,51629.00,YKPG,CISY_PIG (P00889),,A910894,1CTS,,https://www.rcsb.org/structure/1CTS,,wild,,,,,,57.9,0.0
333,Citrate synthase,Pig,464,51548.91,YKPG,CISY_PIG (P00889),,A910894,1CTS,,https://www.rcsb.org/structure/1CTS,,H 274 G,,,,,,56.0,-1.9
334,Citrate synthase,Pig,464,51648.05,YKPG,CISY_PIG (P00889),,A910894,1CTS,,https://www.rcsb.org/structure/1CTS,,H 274 R,,,,,,56.8,-1.1
335,Citrate synthase,Pig,464,51570.96,YKPG,CISY_PIG (P00889),,A910894,1CTS,,https://www.rcsb.org/structure/1CTS,,D 375 G,,,,,,62.5,4.6
336,Citrate synthase,Pig,464,51628.01,YKPG,CISY_PIG (P00889),,A910894,1CTS,,https://www.rcsb.org/structure/1CTS,,D 375 N,,,,,,63.7,5.8
337,Citrate synthase,Pig,464,51643.02,YKPG,CISY_PIG (P00889),,A910894,1CTS,,https://www.rcsb.org/structure/1CTS,,D 375 E,,,,,,56.8,-1.1
338,Citrate synthase,Pig,464,51642.04,YKPG,CISY_PIG (P00889),,A910894,1CTS,,https://www.rcsb.org/structure/1CTS,,D 375 Q,,,,,,69.0,11.1
339,Lysozyme,Bacteriophage T4,164,18635.00,LZBPT4,LYS_BPT4 (P00720),EC 3.2.1.17,A911115,2LZM,,https://www.rcsb.org/structure/2LZM,,wild,,,,,,40.9,0.0
340,Lysozyme,Bacteriophage T4,164,18635.00,LZBPT4,LYS_BPT4 (P00720),EC 3.2.1.17,A911115,2LZM,,https://www.rcsb.org/structure/2LZM,,wild,,,,,,66.1,0.0
341,Lysozyme,Bacteriophage T4,164,18663.01,LZBPT4,LYS_BPT4 (P00720),EC 3.2.1.17,A911115,2LZM,1L19,https://www.rcsb.org/structure/2LZM,https://www.rcsb.org/structure/1L19,S 38 D,,,,,,40.6,-0.3
342,Lysozyme,Bacteriophage T4,164,18663.01,LZBPT4,LYS_BPT4 (P00720),EC 3.2.1.17,A911115,2LZM,1L37,https://www.rcsb.org/structure/2LZM,https://www.rcsb.org/structure/1L37,T 115 E,,,,,,39.2,-1.7
343,Lysozyme,Bacteriophage T4,164,18635.99,LZBPT4,LYS_BPT4 (P00720),EC 3.2.1.17,A911115,2LZM,1L57,https://www.rcsb.org/structure/2LZM,https://www.rcsb.org/structure/1L57,N 116 D,,,,,,40.7,-0.2
344,Lysozyme,Bacteriophage T4,164,18610.01,LZBPT4,LYS_BPT4 (P00720),EC 3.2.1.17,A911115,2LZM,,https://www.rcsb.org/structure/2LZM,,R 119 M,,,,,,40.0,-0.9
345,Lysozyme,Bacteriophage T4,164,18635.99,LZBPT4,LYS_BPT4 (P00720),EC 3.2.1.17,A911115,2LZM,1L20,https://www.rcsb.org/structure/2LZM,https://www.rcsb.org/structure/1L20,N 144 D,,,,,,40.7,-0.2
346,Lysozyme,Bacteriophage T4,164,18663.01,LZBPT4,LYS_BPT4 (P00720),EC 3.2.1.17,A911115,2LZM,1L19,https://www.rcsb.org/structure/2LZM,https://www.rcsb.org/structure/1L19,S 38 D,,,,,,67.6,1.5
347,Lysozyme,Bacteriophage T4,164,18663.01,LZBPT4,LYS_BPT4 (P00720),EC 3.2.1.17,A911115,2LZM,1L37,https://www.rcsb.org/structure/2LZM,https://www.rcsb.org/structure/1L37,T 115 E,,,,,,66.8,0.7
348,Lysozyme,Bacteriophage T4,164,18635.99,LZBPT4,LYS_BPT4 (P00720),EC 3.2.1.17,A911115,2LZM,1L57,https://www.rcsb.org/structure/2LZM,https://www.rcsb.org/structure/1L57,N 116 D,,,,,,67.7,1.6
349,Lysozyme,Bacteriophage T4,164,18610.01,LZBPT4,LYS_BPT4 (P00720),EC 3.2.1.17,A911115,2LZM,,https://www.rcsb.org/structure/2LZM,,R 119 M,,,,,,66.4,0.3
350,Lysozyme,Bacteriophage T4,164,18635.99,LZBPT4,LYS_BPT4 (P00720),EC 3.2.1.17,A911115,2LZM,1L20,https://www.rcsb.org/structure/2LZM,https://www.rcsb.org/structure/1L20,N 144 D,,,,,,67.5,1.4
351,Cytochrome c2,Rhodobacter capsulatus,116,12266.76,CCRF2C,CY2_RHOCA (P00094),,A910920,1C2R,,https://www.rcsb.org/structure/1C2R,,wild,A,4.40,,,0.0,,
352,Cytochrome c2,Rhodobacter capsulatus,116,12253.68,CCRF2C,CY2_RHOCA (P00094),,A910920,1C2R,,https://www.rcsb.org/structure/1C2R,,K 12 D,A,3.30,-1.10,,-1.30,,
353,Cytochrome c2,Rhodobacter capsulatus,116,12267.70,CCRF2C,CY2_RHOCA (P00094),,A910920,1C2R,,https://www.rcsb.org/structure/1C2R,,K 14 E,A,3.50,-0.90,,-1.30,,
354,Cytochrome c2,Rhodobacter capsulatus,116,12267.70,CCRF2C,CY2_RHOCA (P00094),,A910920,1C2R,,https://www.rcsb.org/structure/1C2R,,K 32 E,A,4.80,0.40,,0.20,,
355,Lysozyme,Bacteriophage T4,164,18635.00,LZBPT4,LYS_BPT4 (P00720),EC 3.2.1.17,A910649,2LZM,,https://www.rcsb.org/structure/2LZM,,wild,,,,,,40.4,0.0
356,Lysozyme,Bacteriophage T4,164,18635.00,LZBPT4,LYS_BPT4 (P00720),EC 3.2.1.17,A910649,2LZM,,https://www.rcsb.org/structure/2LZM,,wild,,,,,,52.6,0.0
357,Lysozyme,Bacteriophage T4,164,18635.00,LZBPT4,LYS_BPT4 (P00720),EC 3.2.1.17,A910649,2LZM,,https://www.rcsb.org/structure/2LZM,,wild,,,,,,63.6,0.0
358,Lysozyme,Bacteriophage T4,164,18635.00,LZBPT4,LYS_BPT4 (P00720),EC 3.2.1.17,A910649,2LZM,,https://www.rcsb.org/structure/2LZM,,wild,,,,,,66.7,0.0
359,Lysozyme,Bacteriophage T4,164,18635.00,LZBPT4,LYS_BPT4 (P00720),EC 3.2.1.17,A910649,2LZM,,https://www.rcsb.org/structure/2LZM,,wild,,,,,,64.6,0.0
360,Lysozyme,Bacteriophage T4,164,18663.01,LZBPT4,LYS_BPT4 (P00720),EC 3.2.1.17,A910649,2LZM,1L37,https://www.rcsb.org/structure/2LZM,https://www.rcsb.org/structure/1L37,T 115 E,,,,,,38.7,-1.7
361,Lysozyme,Bacteriophage T4,164,18663.01,LZBPT4,LYS_BPT4 (P00720),EC 3.2.1.17,A910649,2LZM,1L37,https://www.rcsb.org/structure/2LZM,https://www.rcsb.org/structure/1L37,T 115 E,,,,,,52.0,-0.6
362,Lysozyme,Bacteriophage T4,164,18663.01,LZBPT4,LYS_BPT4 (P00720),EC 3.2.1.17,A910649,2LZM,1L37,https://www.rcsb.org/structure/2LZM,https://www.rcsb.org/structure/1L37,T 115 E,,,,,,63.3,-0.3
363,Lysozyme,Bacteriophage T4,164,18663.01,LZBPT4,LYS_BPT4 (P00720),EC 3.2.1.17,A910649,2LZM,1L37,https://www.rcsb.org/structure/2LZM,https://www.rcsb.org/structure/1L37,T 115 E,,,,,,66.8,0.1
364,Lysozyme,Bacteriophage T4,164,18663.01,LZBPT4,LYS_BPT4 (P00720),EC 3.2.1.17,A910649,2LZM,1L37,https://www.rcsb.org/structure/2LZM,https://www.rcsb.org/structure/1L37,T 115 E,,,,,,65.3,0.7
365,Lysozyme,Bacteriophage T4,164,18635.98,LZBPT4,LYS_BPT4 (P00720),EC 3.2.1.17,A910649,2LZM,1L38,https://www.rcsb.org/structure/2LZM,https://www.rcsb.org/structure/1L38,Q 123 E,,,,,,41.4,1.0
366,Lysozyme,Bacteriophage T4,164,18635.98,LZBPT4,LYS_BPT4 (P00720),EC 3.2.1.17,A910649,2LZM,1L38,https://www.rcsb.org/structure/2LZM,https://www.rcsb.org/structure/1L38,Q 123 E,,,,,,66.9,0.2
367,Lysozyme,Bacteriophage T4,164,18635.98,LZBPT4,LYS_BPT4 (P00720),EC 3.2.1.17,A910649,2LZM,1L38,https://www.rcsb.org/structure/2LZM,https://www.rcsb.org/structure/1L38,Q 123 E,,,,,,65.8,1.2
368,Lysozyme,Bacteriophage T4,164,18650.01,LZBPT4,LYS_BPT4 (P00720),EC 3.2.1.17,A910649,2LZM,1L40,https://www.rcsb.org/structure/2LZM,https://www.rcsb.org/structure/1L40,N 144 E,,,,,,39.4,0.9
369,Lysozyme,Bacteriophage T4,164,18650.01,LZBPT4,LYS_BPT4 (P00720),EC 3.2.1.17,A910649,2LZM,1L40,https://www.rcsb.org/structure/2LZM,https://www.rcsb.org/structure/1L40,N 144 E,,,,,,66.8,1.4
370,Lysozyme,Bacteriophage T4,164,18650.01,LZBPT4,LYS_BPT4 (P00720),EC 3.2.1.17,A910649,2LZM,1L40,https://www.rcsb.org/structure/2LZM,https://www.rcsb.org/structure/1L40,N 144 E,,,,,,64.5,1.5
371,Lysozyme,Bacteriophage T4,164,18643.97,LZBPT4,LYS_BPT4 (P00720),EC 3.2.1.17,A910649,2LZM,,https://www.rcsb.org/structure/2LZM,,K 60 H,,,,,,35.1,-3.4
372,Lysozyme,Bacteriophage T4,164,18643.97,LZBPT4,LYS_BPT4 (P00720),EC 3.2.1.17,A910649,2LZM,,https://www.rcsb.org/structure/2LZM,,K 60 H,,,,,,62.6,-0.4
373,Lysozyme,Bacteriophage T4,164,18685.06,LZBPT4,LYS_BPT4 (P00720),EC 3.2.1.17,A910649,2LZM,,https://www.rcsb.org/structure/2LZM,,S 90 H,,,,,,34.4,-4.1
374,Lysozyme,Bacteriophage T4,164,18685.06,LZBPT4,LYS_BPT4 (P00720),EC 3.2.1.17,A910649,2LZM,,https://www.rcsb.org/structure/2LZM,,S 90 H,,,,,,62.7,-2.7
375,Lysozyme,Bacteriophage T4,164,18685.06,LZBPT4,LYS_BPT4 (P00720),EC 3.2.1.17,A910649,2LZM,,https://www.rcsb.org/structure/2LZM,,S 90 H,,,,,,60.1,-2.9
376,Lysozyme,Bacteriophage T4,164,18643.97,LZBPT4,LYS_BPT4 (P00720),EC 3.2.1.17,A910649,2LZM,,https://www.rcsb.org/structure/2LZM,,K 83 H,,,,,,36.3,-2.2
377,Lysozyme,Bacteriophage T4,164,18643.97,LZBPT4,LYS_BPT4 (P00720),EC 3.2.1.17,A910649,2LZM,,https://www.rcsb.org/structure/2LZM,,K 83 H,,,,,,62.0,-1.0
378,Staphylococcal nuclease,Staphylococcus aureus,231,25471.00,NCSAF,NUC_STAAU (P00644),,A910342,1STN,,https://www.rcsb.org/structure/1STN,,wild,,,,,,50.6,0.0
379,Staphylococcal nuclease,Staphylococcus aureus,231,25430.94,NCSAF,NUC_STAAU (P00644),,A910342,1STN,1SNP | 1SYC,https://www.rcsb.org/structure/1STN,https://www.rcsb.org/structure/1SNP | 1SYC,P 117 G,,,,,,55.6,5.0
380,Staphylococcal nuclease,Staphylococcus aureus,231,25474.99,NCSAF,NUC_STAAU (P00644),,A910342,1STN,1SYE,https://www.rcsb.org/structure/1STN,https://www.rcsb.org/structure/1SYE,P 117 T,,,,,,51.2,0.6
381,Staphylococcal nuclease,Staphylococcus aureus,231,25447.02,NCSAF,NUC_STAAU (P00644),,A910342,1STN,,https://www.rcsb.org/structure/1STN,,H 124 L,,,,,,56.4,5.8
382,Staphylococcal nuclease,Staphylococcus aureus,231,25399.88,NCSAF,NUC_STAAU (P00644),,A910342,1STN,1KAB,https://www.rcsb.org/structure/1STN,https://www.rcsb.org/structure/1KAB,K 116 G,,,,,,54.4,3.8
383,Ribonuclease HI,Escherichia coli,155,17597.00,NRECH,RNH_ECOLI (P00647),EC 3.1.27.3,A910766,2RN2,,https://www.rcsb.org/structure/2RN2,,wild,,9.26,,,,,
384,Ribonuclease HI,Escherichia coli,155,17530.94,NRECH,RNH_ECOLI (P00647),EC 3.1.27.3,A910766,2RN2,,https://www.rcsb.org/structure/2RN2,,H 62 A,,9.64,0.38,,,,
385,Ribonuclease HI,Escherichia coli,155,17530.94,NRECH,RNH_ECOLI (P00647),EC 3.1.27.3,A910766,2RN2,,https://www.rcsb.org/structure/2RN2,,H 83 A,,9.25,-0.01,,,,
386,Ribonuclease HI,Escherichia coli,155,17530.94,NRECH,RNH_ECOLI (P00647),EC 3.1.27.3,A910766,2RN2,,https://www.rcsb.org/structure/2RN2,,H 114 A,,6.63,-2.63,,,,
387,Ribonuclease HI,Escherichia coli,155,17530.94,NRECH,RNH_ECOLI (P00647),EC 3.1.27.3,A910766,2RN2,,https://www.rcsb.org/structure/2RN2,,H 124 A,,9.74,0.48,,,,
388,Ribonuclease HI,Escherichia coli,155,17530.94,NRECH,RNH_ECOLI (P00647),EC 3.1.27.3,A910766,2RN2,,https://www.rcsb.org/structure/2RN2,,H 127 A,,8.68,-0.58,,,,
389,Ribonuclease HI,Escherichia coli,155,17597.00,NRECH,RNH_ECOLI (P00647),EC 3.1.27.3,A920876,2RN2,,https://www.rcsb.org/structure/2RN2,,wild,,9.81,,,,,
390,Ribonuclease HI,Escherichia coli,155,17566.97,NRECH,RNH_ECOLI (P00647),EC 3.1.27.3,A920876,2RN2,,https://www.rcsb.org/structure/2RN2,,S 68 G,,7.61,-2.20,,,,
391,Ribonuclease HI,Escherichia coli,155,17581.00,NRECH,RNH_ECOLI (P00647),EC 3.1.27.3,A920876,2RN2,,https://www.rcsb.org/structure/2RN2,,S 68 A,,10.00,0.19,,,,
392,Ribonuclease HI,Escherichia coli,155,17611.02,NRECH,RNH_ECOLI (P00647),EC 3.1.27.3,A920876,2RN2,,https://www.rcsb.org/structure/2RN2,,S 68 T,,9.91,0.10,,,,
393,Ribonuclease HI,Escherichia coli,155,17609.05,NRECH,RNH_ECOLI (P00647),EC 3.1.27.3,A920876,2RN2,,https://www.rcsb.org/structure/2RN2,,S 68 V,,11.10,1.29,,,,
394,Ribonuclease HI,Escherichia coli,155,17623.08,NRECH,RNH_ECOLI (P00647),EC 3.1.27.3,A920876,2RN2,,https://www.rcsb.org/structure/2RN2,,S 68 L,,8.81,-1.00,,,,
395,Ribonuclease HI,Escherichia coli,155,17597.00,NRECH,RNH_ECOLI (P00647),EC 3.1.27.3,A920876,2RN2,,https://www.rcsb.org/structure/2RN2,,wild,,,,,,49.8,0.0
396,Ribonuclease HI,Escherichia coli,155,17566.97,NRECH,RNH_ECOLI (P00647),EC 3.1.27.3,A920876,2RN2,,https://www.rcsb.org/structure/2RN2,,S 68 G,,,,,,41.8,-8.0
397,Ribonuclease HI,Escherichia coli,155,17581.00,NRECH,RNH_ECOLI (P00647),EC 3.1.27.3,A920876,2RN2,,https://www.rcsb.org/structure/2RN2,,S 68 A,,,,,,48.3,-1.5
398,Ribonuclease HI,Escherichia coli,155,17611.02,NRECH,RNH_ECOLI (P00647),EC 3.1.27.3,A920876,2RN2,,https://www.rcsb.org/structure/2RN2,,S 68 T,,,,,,49.1,-0.7
399,Ribonuclease HI,Escherichia coli,155,17609.05,NRECH,RNH_ECOLI (P00647),EC 3.1.27.3,A920876,2RN2,,https://www.rcsb.org/structure/2RN2,,S 68 V,,,,,,51.7,1.9
400,Ribonuclease HI,Escherichia coli,155,17623.08,NRECH,RNH_ECOLI (P00647),EC 3.1.27.3,A920876,2RN2,,https://www.rcsb.org/structure/2RN2,,S 68 L,,,,,,48.2,-1.6
401,Dihydrofolate reductase,Escherichia coli,159,17999.00,RDECD,DYR_ECOLI (P00379),EC 2.3.1.12,A870284,1RX4,,https://www.rcsb.org/structure/1RX4,,wild,,5.90,,,,,
402,Dihydrofolate reductase,Escherichia coli,159,17998.01,RDECD,DYR_ECOLI (P00379),EC 2.3.1.12,A870284,1RX4,,https://www.rcsb.org/structure/1RX4,,D 27 N,,7.30,1.40,,,,
403,Dihydrofolate reductase,Escherichia coli,159,18042.03,RDECD,DYR_ECOLI (P00379),EC 2.3.1.12,A870284,1RX4,,https://www.rcsb.org/structure/1RX4,,L 28 R,,7.60,1.70,,,,
404,Dihydrofolate reductase,Escherichia coli,159,17950.96,RDECD,DYR_ECOLI (P00379),EC 2.3.1.12,A870284,1RX4,,https://www.rcsb.org/structure/1RX4,,F 31 V,,4.40,-1.50,,,,
405,Dihydrofolate reductase,Escherichia coli,159,17955.97,RDECD,DYR_ECOLI (P00379),EC 2.3.1.12,A870284,1RX4,,https://www.rcsb.org/structure/1RX4,,R 44 L,,7.40,1.50,,,,
406,Dihydrofolate reductase,Escherichia coli,159,17997.03,RDECD,DYR_ECOLI (P00379),EC 2.3.1.12,A870284,1RX4,,https://www.rcsb.org/structure/1RX4,,T 113 V,,4.70,-1.20,,,,
407,Dihydrofolate reductase,Escherichia coli,159,17998.06,RDECD,DYR_ECOLI (P00379),EC 2.3.1.12,A870284,1RX4,,https://www.rcsb.org/structure/1RX4,,E 139 K,,4.90,-1.00,,,,
408,Barnase,Bacillus amyloliquefaciens,123,13791.00,NRBSN,RNBR_BACAM (P00648),,A920113,1BNI,,https://www.rcsb.org/structure/1BNI,,wild,A,8.83,,,,,
409,Barnase,Bacillus amyloliquefaciens,123,13705.89,NRBSN,RNBR_BACAM (P00648),,A920113,1BNI,,https://www.rcsb.org/structure/1BNI,,R 59 A,A,9.47,0.64,,,,
410,Barnase,Bacillus amyloliquefaciens,123,13733.91,NRBSN,RNBR_BACAM (P00648),,A920113,1BNI,,https://www.rcsb.org/structure/1BNI,,K 27 A,A,9.19,0.36,,,,
411,Barnase,Bacillus amyloliquefaciens,123,13724.94,NRBSN,RNBR_BACAM (P00648),,A920113,1BNI,,https://www.rcsb.org/structure/1BNI,,H 102 A,A,8.59,-0.24,,,,
412,Barnase,Bacillus amyloliquefaciens,123,13791.99,NRBSN,RNBR_BACAM (P00648),,A920113,1BNI,,https://www.rcsb.org/structure/1BNI,,N 58 D,A,9.23,0.40,,,,
413,Barnase,Bacillus amyloliquefaciens,123,13775.00,NRBSN,RNBR_BACAM (P00648),,A920113,1BNI,,https://www.rcsb.org/structure/1BNI,,S 57 A,A,8.98,0.15,,,,
414,Barnase,Bacillus amyloliquefaciens,123,13775.00,NRBSN,RNBR_BACAM (P00648),,A920113,1BNI,,https://www.rcsb.org/structure/1BNI,,Y 103 F,A,8.83,0.00,,,,
415,Barnase,Bacillus amyloliquefaciens,123,13733.95,NRBSN,RNBR_BACAM (P00648),,A920113,1BNI,,https://www.rcsb.org/structure/1BNI,,Q 104 A,A,8.67,-0.16,,,,
416,Barnase,Bacillus amyloliquefaciens,123,13790.01,NRBSN,RNBR_BACAM (P00648),,A920113,1BNI,,https://www.rcsb.org/structure/1BNI,,D 54 N,A,8.16,-2.67,,,,
417,Barnase,Bacillus amyloliquefaciens,123,13732.97,NRBSN,RNBR_BACAM (P00648),,A920113,1BNI,,https://www.rcsb.org/structure/1BNI,,E 73 A,A,6.53,-2.30,,,,
418,Staphylococcal nuclease,Staphylococcus aureus,231,25471.00,NCSAF,NUC_STAAU (P00644),,A900524,1STN,,https://www.rcsb.org/structure/1STN,,wild,,5.48,,,,,
419,Staphylococcal nuclease,Staphylococcus aureus,231,25428.92,NCSAF,NUC_STAAU (P00644),,A900524,1STN,,https://www.rcsb.org/structure/1STN,,L 7 A,,3.88,-1.60,,,,
420,Staphylococcal nuclease,Staphylococcus aureus,231,25414.89,NCSAF,NUC_STAAU (P00644),,A900524,1STN,,https://www.rcsb.org/structure/1STN,,L 7 G,,3.98,-1.50,,,,
421,Staphylococcal nuclease,Staphylococcus aureus,231,25428.92,NCSAF,NUC_STAAU (P00644),,A900524,1STN,,https://www.rcsb.org/structure/1STN,,L 14 A,,3.18,-2.30,,,,
422,Staphylococcal nuclease,Staphylococcus aureus,231,25414.89,NCSAF,NUC_STAAU (P00644),,A900524,1STN,,https://www.rcsb.org/structure/1STN,,L 14 G,,1.78,-3.70,,,,
423,Staphylococcal nuclease,Staphylococcus aureus,231,25428.92,NCSAF,NUC_STAAU (P00644),,A900524,1STN,,https://www.rcsb.org/structure/1STN,,L 25 A,,2.78,-2.70,,,,
424,Staphylococcal nuclease,Staphylococcus aureus,231,25414.89,NCSAF,NUC_STAAU (P00644),,A900524,1STN,,https://www.rcsb.org/structure/1STN,,L 25 G,,0.98,-4.50,,,,
425,Staphylococcal nuclease,Staphylococcus aureus,231,25428.92,NCSAF,NUC_STAAU (P00644),,A900524,1STN,,https://www.rcsb.org/structure/1STN,,L 36 A,,1.98,-3.50,,,,
426,Staphylococcal nuclease,Staphylococcus aureus,231,25414.89,NCSAF,NUC_STAAU (P00644),,A900524,1STN,,https://www.rcsb.org/structure/1STN,,L 36 G,,0.18,-5.30,,,,
427,Staphylococcal nuclease,Staphylococcus aureus,231,25428.92,NCSAF,NUC_STAAU (P00644),,A900524,1STN,,https://www.rcsb.org/structure/1STN,,L 37 A,,3.78,-1.70,,,,
428,Staphylococcal nuclease,Staphylococcus aureus,231,25414.89,NCSAF,NUC_STAAU (P00644),,A900524,1STN,,https://www.rcsb.org/structure/1STN,,L 37 G,,1.68,-3.80,,,,
429,Staphylococcal nuclease,Staphylococcus aureus,231,25428.92,NCSAF,NUC_STAAU (P00644),,A900524,1STN,,https://www.rcsb.org/structure/1STN,,L 38 A,,3.78,-1.70,,,,
430,Staphylococcal nuclease,Staphylococcus aureus,231,25414.89,NCSAF,NUC_STAAU (P00644),,A900524,1STN,,https://www.rcsb.org/structure/1STN,,L 38 G,,4.88,-0.60,,,,
431,Staphylococcal nuclease,Staphylococcus aureus,231,25428.92,NCSAF,NUC_STAAU (P00644),,A900524,1STN,,https://www.rcsb.org/structure/1STN,,L 89 A,,2.88,-2.60,,,,
432,Staphylococcal nuclease,Staphylococcus aureus,231,25414.89,NCSAF,NUC_STAAU (P00644),,A900524,1STN,,https://www.rcsb.org/structure/1STN,,L 89 G,,2.28,-3.20,,,,
433,Staphylococcal nuclease,Staphylococcus aureus,231,25428.92,NCSAF,NUC_STAAU (P00644),,A900524,1STN,,https://www.rcsb.org/structure/1STN,,L 103 A,,0.88,-4.60,,,,
434,Staphylococcal nuclease,Staphylococcus aureus,231,25414.89,NCSAF,NUC_STAAU (P00644),,A900524,1STN,,https://www.rcsb.org/structure/1STN,,L 103 G,,-1.12,-6.60,,,,
435,Staphylococcal nuclease,Staphylococcus aureus,231,25428.92,NCSAF,NUC_STAAU (P00644),,A900524,1STN,,https://www.rcsb.org/structure/1STN,,L 108 A,,-0.32,-5.80,,,,
436,Staphylococcal nuclease,Staphylococcus aureus,231,25414.89,NCSAF,NUC_STAAU (P00644),,A900524,1STN,,https://www.rcsb.org/structure/1STN,,L 108 G,,-1.72,-7.20,,,,
437,Staphylococcal nuclease,Staphylococcus aureus,231,25428.92,NCSAF,NUC_STAAU (P00644),,A900524,1STN,,https://www.rcsb.org/structure/1STN,,L 125 A,,0.38,-4.90,,,,
438,Staphylococcal nuclease,Staphylococcus aureus,231,25414.89,NCSAF,NUC_STAAU (P00644),,A900524,1STN,,https://www.rcsb.org/structure/1STN,,L 125 G,,-1.52,-7.00,,,,
439,Staphylococcal nuclease,Staphylococcus aureus,231,25428.92,NCSAF,NUC_STAAU (P00644),,A900524,1STN,,https://www.rcsb.org/structure/1STN,,L 137 A,,3.18,-2.30,,,,
440,Staphylococcal nuclease,Staphylococcus aureus,231,25414.89,NCSAF,NUC_STAAU (P00644),,A900524,1STN,,https://www.rcsb.org/structure/1STN,,L 137 G,,0.88,-4.60,,,,
441,Staphylococcal nuclease,Staphylococcus aureus,231,25442.95,NCSAF,NUC_STAAU (P00644),,A900524,1STN,,https://www.rcsb.org/structure/1STN,,V 23 A,,2.58,-2.90,,,,
442,Staphylococcal nuclease,Staphylococcus aureus,231,25428.92,NCSAF,NUC_STAAU (P00644),,A900524,1STN,,https://www.rcsb.org/structure/1STN,,V 23 G,,-0.12,-5.60,,,,
443,Staphylococcal nuclease,Staphylococcus aureus,231,25442.95,NCSAF,NUC_STAAU (P00644),,A900524,1STN,,https://www.rcsb.org/structure/1STN,,V 39 A,,3.28,-2.20,,,,
444,Staphylococcal nuclease,Staphylococcus aureus,231,25428.92,NCSAF,NUC_STAAU (P00644),,A900524,1STN,,https://www.rcsb.org/structure/1STN,,V 39 G,,0.78,-4.70,,,,
445,Staphylococcal nuclease,Staphylococcus aureus,231,25442.95,NCSAF,NUC_STAAU (P00644),,A900524,1STN,,https://www.rcsb.org/structure/1STN,,V 51 A,,5.18,-0.30,,,,
446,Staphylococcal nuclease,Staphylococcus aureus,231,25428.92,NCSAF,NUC_STAAU (P00644),,A900524,1STN,,https://www.rcsb.org/structure/1STN,,V 51 G,,5.08,-0.40,,,,
447,Staphylococcal nuclease,Staphylococcus aureus,231,25442.95,NCSAF,NUC_STAAU (P00644),,A900524,1STN,,https://www.rcsb.org/structure/1STN,,V 66 A,,3.28,-2.20,,,,
448,Staphylococcal nuclease,Staphylococcus aureus,231,25428.92,NCSAF,NUC_STAAU (P00644),,A900524,1STN,,https://www.rcsb.org/structure/1STN,,V 66 G,,1.08,-4.40,,,,
449,Staphylococcal nuclease,Staphylococcus aureus,231,25442.95,NCSAF,NUC_STAAU (P00644),,A900524,1STN,,https://www.rcsb.org/structure/1STN,,V 74 A,,2.38,-3.10,,,,
450,Staphylococcal nuclease,Staphylococcus aureus,231,25428.92,NCSAF,NUC_STAAU (P00644),,A900524,1STN,,https://www.rcsb.org/structure/1STN,,V 74 G,,-1.12,-6.60,,,,
451,Staphylococcal nuclease,Staphylococcus aureus,231,25442.95,NCSAF,NUC_STAAU (P00644),,A900524,1STN,,https://www.rcsb.org/structure/1STN,,V 99 A,,2.28,-3.20,,,,
452,Staphylococcal nuclease,Staphylococcus aureus,231,25428.92,NCSAF,NUC_STAAU (P00644),,A900524,1STN,,https://www.rcsb.org/structure/1STN,,V 99 G,,0.48,-5.00,,,,
453,Staphylococcal nuclease,Staphylococcus aureus,231,25442.95,NCSAF,NUC_STAAU (P00644),,A900524,1STN,,https://www.rcsb.org/structure/1STN,,V 104 A,,2.58,-2.90,,,,
454,Staphylococcal nuclease,Staphylococcus aureus,231,25428.92,NCSAF,NUC_STAAU (P00644),,A900524,1STN,,https://www.rcsb.org/structure/1STN,,V 104 G,,-1.02,-6.50,,,,
455,Staphylococcal nuclease,Staphylococcus aureus,231,25442.95,NCSAF,NUC_STAAU (P00644),,A900524,1STN,,https://www.rcsb.org/structure/1STN,,V 111 A,,0.78,-4.70,,,,
456,Staphylococcal nuclease,Staphylococcus aureus,231,25428.92,NCSAF,NUC_STAAU (P00644),,A900524,1STN,,https://www.rcsb.org/structure/1STN,,V 111 G,,0.58,-4.90,,,,
457,Staphylococcal nuclease,Staphylococcus aureus,231,25442.95,NCSAF,NUC_STAAU (P00644),,A900524,1STN,,https://www.rcsb.org/structure/1STN,,V 114 A,,5.48,0.00,,,,
458,Staphylococcal nuclease,Staphylococcus aureus,231,25428.92,NCSAF,NUC_STAAU (P00644),,A900524,1STN,,https://www.rcsb.org/structure/1STN,,V 114 G,,5.28,-0.20,,,,
459,Staphylococcal nuclease,Staphylococcus aureus,231,25456.97,NCSAF,NUC_STAAU (P00644),,A900524,1STN,,https://www.rcsb.org/structure/1STN,,I 15 V,,4.68,-0.80,,,,
460,Staphylococcal nuclease,Staphylococcus aureus,231,25428.92,NCSAF,NUC_STAAU (P00644),,A900524,1STN,,https://www.rcsb.org/structure/1STN,,I 15 A,,2.28,-2.70,,,,
461,Staphylococcal nuclease,Staphylococcus aureus,231,25414.89,NCSAF,NUC_STAAU (P00644),,A900524,1STN,,https://www.rcsb.org/structure/1STN,,I 15 G,,2.18,-3.30,,,,
462,Staphylococcal nuclease,Staphylococcus aureus,231,25456.97,NCSAF,NUC_STAAU (P00644),,A900524,1STN,,https://www.rcsb.org/structure/1STN,,I 18 V,,4.38,-1.10,,,,
463,Staphylococcal nuclease,Staphylococcus aureus,231,25428.92,NCSAF,NUC_STAAU (P00644),,A900524,1STN,,https://www.rcsb.org/structure/1STN,,I 18 A,,2.98,-2.50,,,,
464,Staphylococcal nuclease,Staphylococcus aureus,231,25414.89,NCSAF,NUC_STAAU (P00644),,A900524,1STN,,https://www.rcsb.org/structure/1STN,,I 18 G,,2.98,-2.50,,,,
465,Staphylococcal nuclease,Staphylococcus aureus,231,25456.97,NCSAF,NUC_STAAU (P00644),,A900524,1STN,,https://www.rcsb.org/structure/1STN,,I 72 V,,3.68,-1.80,,,,
466,Staphylococcal nuclease,Staphylococcus aureus,231,25428.92,NCSAF,NUC_STAAU (P00644),,A900524,1STN,,https://www.rcsb.org/structure/1STN,,I 72 A,,0.38,-5.10,,,,
467,Staphylococcal nuclease,Staphylococcus aureus,231,25414.89,NCSAF,NUC_STAAU (P00644),,A900524,1STN,,https://www.rcsb.org/structure/1STN,,I 72 G,,-1.02,-6.50,,,,
468,Staphylococcal nuclease,Staphylococcus aureus,231,25456.97,NCSAF,NUC_STAAU (P00644),,A900524,1STN,,https://www.rcsb.org/structure/1STN,,I 92 V,,4.98,-0.50,,,,
469,Staphylococcal nuclease,Staphylococcus aureus,231,25428.92,NCSAF,NUC_STAAU (P00644),,A900524,1STN,,https://www.rcsb.org/structure/1STN,,I 92 A,,1.48,-4.00,,,,
470,Staphylococcal nuclease,Staphylococcus aureus,231,25414.89,NCSAF,NUC_STAAU (P00644),,A900524,1STN,,https://www.rcsb.org/structure/1STN,,I 92 G,,-1.12,-6.60,,,,
471,Staphylococcal nuclease,Staphylococcus aureus,231,25456.97,NCSAF,NUC_STAAU (P00644),,A900524,1STN,,https://www.rcsb.org/structure/1STN,,I 139 V,,3.98,-1.50,,,,
472,Staphylococcal nuclease,Staphylococcus aureus,231,25428.92,NCSAF,NUC_STAAU (P00644),,A900524,1STN,,https://www.rcsb.org/structure/1STN,,I 139 A,,1.98,-3.50,,,,
473,Staphylococcal nuclease,Staphylococcus aureus,231,25414.89,NCSAF,NUC_STAAU (P00644),,A900524,1STN,,https://www.rcsb.org/structure/1STN,,I 139 G,,1.08,-4.40,,,,
474,Staphylococcal nuclease,Staphylococcus aureus,231,25410.88,NCSAF,NUC_STAAU (P00644),,A900524,1STN,,https://www.rcsb.org/structure/1STN,,M 26 A,,3.98,-1.50,,,,
475,Staphylococcal nuclease,Staphylococcus aureus,231,25396.85,NCSAF,NUC_STAAU (P00644),,A900524,1STN,,https://www.rcsb.org/structure/1STN,,M 26 G,,3.28,-2.20,,,,
476,Staphylococcal nuclease,Staphylococcus aureus,231,25410.88,NCSAF,NUC_STAAU (P00644),,A900524,1STN,,https://www.rcsb.org/structure/1STN,,M 32 A,,3.78,-1.70,,,,
477,Staphylococcal nuclease,Staphylococcus aureus,231,25396.85,NCSAF,NUC_STAAU (P00644),,A900524,1STN,,https://www.rcsb.org/structure/1STN,,M 32 G,,3.08,-2.40,,,,
478,Staphylococcal nuclease,Staphylococcus aureus,231,25410.88,NCSAF,NUC_STAAU (P00644),,A900524,1STN,,https://www.rcsb.org/structure/1STN,,M 65 A,,3.48,-2.00,,,,
479,Staphylococcal nuclease,Staphylococcus aureus,231,25396.85,NCSAF,NUC_STAAU (P00644),,A900524,1STN,,https://www.rcsb.org/structure/1STN,,M 65 G,,0.88,-4.60,,,,
480,Staphylococcal nuclease,Staphylococcus aureus,231,25410.88,NCSAF,NUC_STAAU (P00644),,A900524,1STN,,https://www.rcsb.org/structure/1STN,,M 98 A,,0.88,-4.60,,,,
481,Staphylococcal nuclease,Staphylococcus aureus,231,25396.85,NCSAF,NUC_STAAU (P00644),,A900524,1STN,,https://www.rcsb.org/structure/1STN,,M 98 G,,0.98,-4.50,,,,
482,Staphylococcal nuclease,Staphylococcus aureus,231,25378.91,NCSAF,NUC_STAAU (P00644),,A900524,1STN,,https://www.rcsb.org/structure/1STN,,Y 27 A,,1.28,-4.20,,,,
483,Staphylococcal nuclease,Staphylococcus aureus,231,25364.88,NCSAF,NUC_STAAU (P00644),,A900524,1STN,,https://www.rcsb.org/structure/1STN,,Y 27 G,,-0.32,-5.80,,,,
484,Staphylococcal nuclease,Staphylococcus aureus,231,25378.91,NCSAF,NUC_STAAU (P00644),,A900524,1STN,,https://www.rcsb.org/structure/1STN,,Y 54 A,,3.28,-2.20,,,,
485,Staphylococcal nuclease,Staphylococcus aureus,231,25364.88,NCSAF,NUC_STAAU (P00644),,A900524,1STN,,https://www.rcsb.org/structure/1STN,,Y 54 G,,3.58,-1.90,,,,
486,Staphylococcal nuclease,Staphylococcus aureus,231,25378.91,NCSAF,NUC_STAAU (P00644),,A900524,1STN,,https://www.rcsb.org/structure/1STN,,Y 85 A,,5.08,-0.40,,,,
487,Staphylococcal nuclease,Staphylococcus aureus,231,25364.88,NCSAF,NUC_STAAU (P00644),,A900524,1STN,,https://www.rcsb.org/structure/1STN,,Y 85 G,,4.48,-1.00,,,,
488,Staphylococcal nuclease,Staphylococcus aureus,231,25378.91,NCSAF,NUC_STAAU (P00644),,A900524,1STN,,https://www.rcsb.org/structure/1STN,,Y 91 A,,0.18,-5.30,,,,
489,Staphylococcal nuclease,Staphylococcus aureus,231,25364.88,NCSAF,NUC_STAAU (P00644),,A900524,1STN,,https://www.rcsb.org/structure/1STN,,Y 91 G,,-1.22,-6.70,,,,
490,Staphylococcal nuclease,Staphylococcus aureus,231,25378.91,NCSAF,NUC_STAAU (P00644),,A900524,1STN,,https://www.rcsb.org/structure/1STN,,Y 93 A,,-1.02,-6.50,,,,
491,Staphylococcal nuclease,Staphylococcus aureus,231,25364.88,NCSAF,NUC_STAAU (P00644),,A900524,1STN,,https://www.rcsb.org/structure/1STN,,Y 93 G,,-2.02,-7.50,,,,
492,Staphylococcal nuclease,Staphylococcus aureus,231,25378.91,NCSAF,NUC_STAAU (P00644),,A900524,1STN,,https://www.rcsb.org/structure/1STN,,Y 113 A,,5.48,0.00,,,,
493,Staphylococcal nuclease,Staphylococcus aureus,231,25364.88,NCSAF,NUC_STAAU (P00644),,A900524,1STN,,https://www.rcsb.org/structure/1STN,,Y 113 G,,5.18,-0.30,,,,
494,Staphylococcal nuclease,Staphylococcus aureus,231,25378.91,NCSAF,NUC_STAAU (P00644),,A900524,1STN,,https://www.rcsb.org/structure/1STN,,Y 115 A,,5.18,-0.30,,,,
495,Staphylococcal nuclease,Staphylococcus aureus,231,25364.88,NCSAF,NUC_STAAU (P00644),,A900524,1STN,,https://www.rcsb.org/structure/1STN,,Y 115 G,,4.78,-0.70,,,,
496,Staphylococcal nuclease,Staphylococcus aureus,231,25394.91,NCSAF,NUC_STAAU (P00644),,A900524,1STN,,https://www.rcsb.org/structure/1STN,,F 34 A,,1.78,-3.70,,,,
497,Staphylococcal nuclease,Staphylococcus aureus,231,25380.88,NCSAF,NUC_STAAU (P00644),,A900524,1STN,,https://www.rcsb.org/structure/1STN,,F 34 G,,-0.72,-6.20,,,,
498,Staphylococcal nuclease,Staphylococcus aureus,231,25394.91,NCSAF,NUC_STAAU (P00644),,A900524,1STN,,https://www.rcsb.org/structure/1STN,,F 61 A,,3.18,-2.30,,,,
499,Staphylococcal nuclease,Staphylococcus aureus,231,25380.88,NCSAF,NUC_STAAU (P00644),,A900524,1STN,,https://www.rcsb.org/structure/1STN,,F 61 G,,0.68,-4.80,,,,
500,Staphylococcal nuclease,Staphylococcus aureus,231,25394.91,NCSAF,NUC_STAAU (P00644),,A900524,1STN,,https://www.rcsb.org/structure/1STN,,F 76 A,,1.48,-4.00,,,,
